use F19_phague
go


drop table HumanLease
drop table Spork
drop table Hand
drop table UtensilOwnership
drop table Utensil
drop table Human
drop table SIR
drop table Irken
drop table Veeblefetzer


create table Veeblefetzer(
    VeeblefetzerSerialNumber int primary key not null,
    Color varchar(30),
    Flavor varchar(30),
    Sound varchar(30),
    Spin varchar(30)
)

create table Irken(
    IrkenName varchar(30) primary key not null,
    Height int,
    DoomLevel int
)

create table SIR(
    SIRSerialNumber int not null,
    IrkenName varchar(30) not null,
    IntelligenceLevel int,
    DogSuit bit
)

alter table SIR add constraint IrkenNamefk foreign key (IrkenName) references Irken(IrkenName) on delete cascade
alter table SIR add constraint SIRpk primary key (SIRSerialNumber, IrkenName)

create table Human(
    HumanID int primary key not null,
    FirstName varchar(30),
    LastName varchar(30),
    Address varchar(40),
    ShoeSize int
)

create table Utensil(
    LatinCodeword varchar(200) primary key,
    Material varchar(30)
)

create table UtensilOwnership(
    OwnershipID int primary key,
    HumanID int,
    LatinCodeword varchar(200),
    TimeDropped int
)

alter table UtensilOwnership add constraint HumanIDfk foreign key (HumanID) references Human(HumanID)
alter table UtensilOwnership add constraint LatinCodewordfk foreign key (LatinCodeword) references Utensil(LatinCodeword)

create table Hand(
    HLatinCodeword varchar(200) primary key,
    CleanLevel varchar(10),
    HoursSinceLastCleaned int
)

alter table Hand add constraint HandUtensilfk foreign key (HLatinCodeword) references Utensil(LatinCodeword) on delete cascade

create table Spork(
    SLatinCodeword varchar(200) primary key,
    Tines int,
    LBRatio decimal
)

alter table Spork add constraint SporkUtensilfk foreign key (SLatinCodeword) references Utensil(LatinCodeword) on delete cascade

create table HumanLease(
    IrkenName varchar(30) not null,
    VeeblefetzerSerialNumber int not null,
    HumanID int not null,
    LeaseStart date,
    LeaseEnd date,
    AnnualLeaseCost varchar(30)
)

alter table HumanLease add constraint IrkenNamefkk foreign key (IrkenName) references Irken(IrkenName)
alter table HumanLease add constraint VeeblefetzerSerialNumberfkk foreign key (VeeblefetzerSerialNumber) references Veeblefetzer(VeeblefetzerSerialNumber)
alter table HumanLease add constraint HumanIDfkk foreign key (HumanID) references Human(HumanID)
alter table HumanLease add constraint HumanLeasepk primary key (IrkenName, VeeblefetzerSerialNumber, HumanID)


insert into Veeblefetzer values (124238335, 'Khaki', 'Quinine', 'plunk', 'leftward')
insert into Veeblefetzer values (135706616, 'DarkTurquoise', 'Plum', 'bay', 'down')
insert into Veeblefetzer values (136286236, 'Cyan', 'Cookie Dough', 'wicker', 'diagonally left')
insert into Veeblefetzer values (146128692, 'FireBrick', 'Lime', 'sniffle', 'up')
insert into Veeblefetzer values (150965695, 'LightGray', 'Cherry Cola', 'shriek', 'diagonally right')
insert into Veeblefetzer values (155837532, 'DodgerBlue', 'Chocolate Mint', 'thunk', 'diagonally left')
insert into Veeblefetzer values (158042637, 'DarkSalmon', 'Melon Kiwi', 'flit', 'diagonally right')
insert into Veeblefetzer values (158857085, 'YellowGreen', 'Blue Raspberry', 'snore', 'down')
insert into Veeblefetzer values (161101462, 'Ivory', 'Blue Raspberry', 'mumble', 'diagonally left')
insert into Veeblefetzer values (171162032, 'Magenta', 'Egg Nog', 'thump', 'diagonally right')
insert into Veeblefetzer values (186319928, 'Cornsilk', 'Rum', 'tee-hee', 'diagonally right')
insert into Veeblefetzer values (192536437, 'Sienna', 'Candy Corn', 'whoosh', 'down')
insert into Veeblefetzer values (201993762, 'SkyBlue', 'Coffee', 'quack', 'down')
insert into Veeblefetzer values (212922412, 'Plum', 'Egg Nog', 'slip', 'leftward')
insert into Veeblefetzer values (225816483, 'HoneyDew', 'Grape', 'moan', 'up')
insert into Veeblefetzer values (229139824, 'DarkOrchid', 'Orange Mandarin', 'honk', 'diagonally right')
insert into Veeblefetzer values (230393525, 'Chocolate', 'Eucalyptus', 'rap', 'diagonally left')
insert into Veeblefetzer values (236919991, 'Magenta', 'Caramel Cream', 'ahem', 'up')
insert into Veeblefetzer values (240980829, 'Brown', 'Lemon', 'thunder', 'rightward')
insert into Veeblefetzer values (243819828, 'Sienna', 'Raspberry', 'flutter', 'up')
insert into Veeblefetzer values (247518950, 'Turquoise', 'Cheesecake', 'grumble', 'leftward')
insert into Veeblefetzer values (254756967, 'DeepSkyBlue', 'Mocha Irish Cream', 'wham', 'up')
insert into Veeblefetzer values (264552807, 'LightSalmon', 'Pink Lemonade', 'harrumph', 'leftward')
insert into Veeblefetzer values (271980641, 'Beige', 'Vanilla', 'jangle', 'up')
insert into Veeblefetzer values (272744196, 'LightCyan', 'Raspberry', 'viip', 'down')
insert into Veeblefetzer values (284774205, 'LightCyan', 'Plantation Punch', 'hush', 'leftward')
insert into Veeblefetzer values (291226028, 'Khaki', 'Irish Whiskey', 'ahem', 'diagonally right')
insert into Veeblefetzer values (294412001, 'LawnGreen', 'Orange', 'toot', 'down')
insert into Veeblefetzer values (303094218, 'DarkBlue', 'Fuzzy Navel', 'plop', 'rightward')
insert into Veeblefetzer values (330400575, 'Brown', 'Raspberry', 'click', 'up')
insert into Veeblefetzer values (336468343, 'Aquamarine', 'Coconut', 'honk', 'leftward')
insert into Veeblefetzer values (343536520, 'LemonChiffon', 'Peanut', 'whisper', 'down')
insert into Veeblefetzer values (344165887, 'DimGray', 'Malted Milk', 'splutter', 'up')
insert into Veeblefetzer values (359727414, 'BlanchedAlmond', 'Blue Raspberry', 'slurp', 'down')
insert into Veeblefetzer values (360099035, 'Brown', 'Irish Cream', 'splash', 'rightward')
insert into Veeblefetzer values (361590727, 'DarkGray', 'Coffee', 'grind', 'rightward')
insert into Veeblefetzer values (363955884, 'DarkBlue', 'Macadamia Nut', 'ding-dong', 'diagonally right')
insert into Veeblefetzer values (367610667, 'MidnightBlue', 'Butter', 'hiccup', 'diagonally right')
insert into Veeblefetzer values (371512594, 'DarkOrchid', 'Margarita', 'drip-drop', 'diagonally right')
insert into Veeblefetzer values (380104093, 'MidnightBlue', 'Carmel Apple', 'pfoom', 'diagonally right')
insert into Veeblefetzer values (385641870, 'Coral', 'Quinine', 'chitter', 'up')
insert into Veeblefetzer values (388305258, 'Plum', 'Sour', 'zonk', 'diagonally left')
insert into Veeblefetzer values (436354191, 'ForestGreen', 'Mixed Berry', 'twang', 'up')
insert into Veeblefetzer values (448710355, 'DimGray', 'Tart Lemon', 'thump', 'leftward')
insert into Veeblefetzer values (450996347, 'DarkSeaGreen', 'Chocolate', 'toot', 'diagonally left')
insert into Veeblefetzer values (463170352, 'DeepPink', 'Rock and Rye', 'bubble', 'down')
insert into Veeblefetzer values (472918287, 'MediumBlue', 'Irish Whiskey', 'jingle', 'down')
insert into Veeblefetzer values (477802141, 'Turquoise', 'Gingersnap', 'smack', 'rightward')
insert into Veeblefetzer values (480849616, 'AliceBlue', 'Peach', 'blast', 'up')
insert into Veeblefetzer values (485888633, 'SeaGreen', 'Key Lime', 'glug', 'diagonally left')
insert into Veeblefetzer values (490319100, 'PeachPuff', 'Melon Kiwi', 'prattle', 'diagonally left')
insert into Veeblefetzer values (495145492, 'Fuchsia', 'Anise', 'woo-hoo', 'rightward')
insert into Veeblefetzer values (495383639, 'Plum', 'Papaya', 'cha-ching', 'rightward')
insert into Veeblefetzer values (509743521, 'Lime', 'Acai Berry', 'crack', 'diagonally left')
insert into Veeblefetzer values (513398532, 'Lavender', 'Cola', 'tap', 'diagonally right')
insert into Veeblefetzer values (514381646, 'SaddleBrown', 'Birch Beer', 'sploosh', 'up')
insert into Veeblefetzer values (539939903, 'GoldenRod', 'Graham Cracker', 'mew', 'up')
insert into Veeblefetzer values (555548103, 'HoneyDew', 'Lemonade', 'bray', 'diagonally right')
insert into Veeblefetzer values (559384451, 'OldLace', 'Pumpkin', 'whoop', 'diagonally left')
insert into Veeblefetzer values (562927522, 'MediumTurquoise', 'Irish Cream', 'hock', 'down')
insert into Veeblefetzer values (572673743, 'Silver', 'Lemon Lime', 'grunt', 'diagonally left')
insert into Veeblefetzer values (595179165, 'Peru', 'Orange Pineapple', 'caterwaul', 'rightward')
insert into Veeblefetzer values (618173904, 'LightBlue', 'Acai Berry', 'voomp', 'rightward')
insert into Veeblefetzer values (622752470, 'SkyBlue', 'Lemon Bar', 'whish', 'rightward')
insert into Veeblefetzer values (627771843, 'DarkSeaGreen', 'Raspberry Ginger Ale', 'slop', 'leftward')
insert into Veeblefetzer values (640243517, 'Lavender', 'Key Lime', 'pow', 'up')
insert into Veeblefetzer values (642222405, 'PowderBlue', 'Raspberry Ginger Ale', 'whistle', 'diagonally left')
insert into Veeblefetzer values (642476942, 'LightGreen', 'Rum', 'prattle', 'rightward')
insert into Veeblefetzer values (651695200, 'DarkRed', 'Peach', 'mew', 'diagonally right')
insert into Veeblefetzer values (659238749, 'OrangeRed', 'Raspberry Ginger Ale', 'yabber', 'diagonally left')
insert into Veeblefetzer values (676755930, 'Black', 'Orange Brandy', 'lisp', 'up')
insert into Veeblefetzer values (677547723, 'LightSalmon', 'Pineapple', 'woof', 'down')
insert into Veeblefetzer values (688098849, 'LightGrey', 'Cranberry', 'tap', 'diagonally right')
insert into Veeblefetzer values (707852326, 'Blue', 'Butter Almond', 'splat', 'down')
insert into Veeblefetzer values (717639893, 'Indigo', 'Raspberry Ginger Ale', 'beep', 'down')
insert into Veeblefetzer values (720344635, 'Magenta', 'Berry Cola', 'whack', 'rightward')
insert into Veeblefetzer values (729057480, 'Green', 'Cola', 'thwack', 'diagonally right')
insert into Veeblefetzer values (729580466, 'Azure', 'Coconut', 'yap', 'down')
insert into Veeblefetzer values (732838031, 'YellowGreen', 'Pistachio', 'snap', 'diagonally right')
insert into Veeblefetzer values (748577167, 'LightCoral', 'Spearmint', 'boing', 'diagonally left')
insert into Veeblefetzer values (752624257, 'FloralWhite', 'Huckleberry', 'rasp', 'up')
insert into Veeblefetzer values (763452702, 'LightSkyBlue', 'Coffee', 'chirp', 'up')
insert into Veeblefetzer values (775559060, 'Thistle', 'Orange Mandarin', 'beep', 'rightward')
insert into Veeblefetzer values (782216490, 'HoneyDew', 'Green Onion', 'meow', 'diagonally right')
insert into Veeblefetzer values (796658275, 'DarkSeaGreen', 'Maple', 'trumpet', 'up')
insert into Veeblefetzer values (880334763, 'Sienna', 'Lemon Lime', 'grunt', 'diagonally left')
insert into Veeblefetzer values (903681064, 'Aquamarine', 'Black Currant', 'shush', 'down')
insert into Veeblefetzer values (904834495, 'Olive', 'Rock and Rye', 'honk', 'rightward')
insert into Veeblefetzer values (913936515, 'Brown', 'Nutmeg', 'ka-ching', 'diagonally right')
insert into Veeblefetzer values (914252983, 'Silver', 'Mango Orange Pineapple', 'zoom', 'rightward')
insert into Veeblefetzer values (925237218, 'LightGreen', 'Black Licorice', 'hiccup', 'diagonally left')
insert into Veeblefetzer values (933220304, 'Lime', 'Pistachio', 'whop', 'down')
insert into Veeblefetzer values (942233084, 'Maroon', 'Marshmallow', 'scrunch', 'down')
insert into Veeblefetzer values (955117517, 'DeepPink', 'Punch', 'blub', 'down')
insert into Veeblefetzer values (955345295, 'SeaShell', 'Pistachio', 'cock-a-doodle-doo', 'rightward')
insert into Veeblefetzer values (958466605, 'SlateGray', 'Lime', 'gurgle', 'diagonally left')
insert into Veeblefetzer values (967936383, 'OrangeRed', 'Tutti Frutti', 'bleep', 'diagonally right')
insert into Veeblefetzer values (984768086, 'GoldenRod', 'Orange Mango', 'grind', 'leftward')
insert into Veeblefetzer values (998606036, 'MediumVioletRed', 'Eucalyptus', 'cock-a-doodle-doo', 'up')
insert into Veeblefetzer values (999931396, 'DimGray', 'Birch Beer', 'mutter', 'diagonally left')

insert into Irken values ('Spork', 103, 10)
insert into Irken values ('Thoob', 87, 8)
insert into Irken values ('Larcher', 72, 5)
insert into Irken values ('Red', 76, 6)
insert into Irken values ('Dooky', 70, 5)
insert into Irken values ('Gooch', 49, 1)
insert into Irken values ('Groot', 89, 8)
insert into Irken values ('Slacks', 59, 3)
insert into Irken values ('Sploodge', 91, 8)
insert into Irken values ('Zee', 52, 1)
insert into Irken values ('Poki', 86, 7)
insert into Irken values ('Frylord', 89, 8)
insert into Irken values ('Skoodge', 72, 5)
insert into Irken values ('Sizz-Lorr', 105, 11)
insert into Irken values ('Floog', 57, 2)
insert into Irken values ('Skrang', 60, 3)
insert into Irken values ('Yuli', 81, 6)
insert into Irken values ('Lardnar', 102, 10)
insert into Irken values ('Flobee', 108, 11)
insert into Irken values ('Slant', 72, 5)
insert into Irken values ('Sklud', 59, 3)
insert into Irken values ('Kim', 80, 6)
insert into Irken values ('Rarl Kove', 67, 4)
insert into Irken values ('Skoo', 82, 7)
insert into Irken values ('Gashloog', 58, 2)
insert into Irken values ('The Elder', 74, 5)
insert into Irken values ('Jim', 106, 11)
insert into Irken values ('Tak', 63, 3)
insert into Irken values ('El', 79, 6)
insert into Irken values ('Larb', 104, 11)
insert into Irken values ('Poot', 52, 1)
insert into Irken values ('Miyuki', 52, 1)
insert into Irken values ('Tim', 64, 3)
insert into Irken values ('Pesto', 96, 9)
insert into Irken values ('Koot', 74, 5)
insert into Irken values ('Yoogli', 72, 5)
insert into Irken values ('Skutch', 57, 2)
insert into Irken values ('Sneakyonfoota', 98, 10)
insert into Irken values ('Tenn', 63, 3)
insert into Irken values ('Grapa', 88, 8)
insert into Irken values ('Alexovich', 93, 9)
insert into Irken values ('Spleen', 63, 3)
insert into Irken values ('Bob', 107, 11)
insert into Irken values ('Sqood', 76, 6)
insert into Irken values ('Theen', 58, 2)
insert into Irken values ('Krunk', 49, 1)
insert into Irken values ('Stink', 94, 9)
insert into Irken values ('Chin', 55, 2)
insert into Irken values ('Purple', 107, 11)
insert into Irken values ('Zim', 78, 6)
insert into Irken values ('Nen', 81, 7)

insert into SIR values (367503514, 'Groot', 123, 0)
insert into SIR values (246235521, 'Tak', 113, 0)
insert into SIR values (137373871, 'Gooch', 156, 0)
insert into SIR values (392350262, 'Lardnar', 97, 0)
insert into SIR values (967558342, 'Stink', 126, 1)
insert into SIR values (743023106, 'Jim', 130, 0)
insert into SIR values (892338237, 'Kim', 152, 0)
insert into SIR values (755761284, 'Sizz-Lorr', 155, 0)
insert into SIR values (629177562, 'Zim', 141, 0)
insert into SIR values (698024648, 'Spork', 144, 0)
insert into SIR values (126726275, 'Chin', 106, 1)
insert into SIR values (316469930, 'Skrang', 101, 0)
insert into SIR values (457066855, 'Red', 137, 0)
insert into SIR values (666133974, 'Gashloog', 117, 0)
insert into SIR values (261244061, 'Gashloog', 107, 0)
insert into SIR values (854031700, 'The Elder', 113, 0)
insert into SIR values (797843995, 'Zim', 105, 1)
insert into SIR values (369580739, 'Sklud', 95, 0)
insert into SIR values (187199427, 'Larcher', 117, 0)
insert into SIR values (639389924, 'Poki', 118, 0)
insert into SIR values (299170425, 'Sploodge', 137, 0)
insert into SIR values (322726443, 'Chin', 108, 0)
insert into SIR values (786016756, 'Floog', 147, 0)
insert into SIR values (256424609, 'Zee', 151, 0)
insert into SIR values (623633821, 'Skoodge', 123, 0)
insert into SIR values (719778903, 'Slacks', 116, 0)
insert into SIR values (620662581, 'Nen', 114, 0)
insert into SIR values (919486813, 'Floog', 110, 0)
insert into SIR values (273251212, 'Tim', 156, 0)
insert into SIR values (144170458, 'Sploodge', 131, 0)
insert into SIR values (136815770, 'Sqood', 147, 1)
insert into SIR values (314581859, 'Dooky', 93, 0)
insert into SIR values (663318112, 'Skoo', 146, 0)
insert into SIR values (886300134, 'Stink', 141, 0)
insert into SIR values (568711788, 'Rarl Kove', 109, 0)
insert into SIR values (409866673, 'Spork', 133, 0)
insert into SIR values (236201460, 'Tenn', 127, 0)
insert into SIR values (745236005, 'Skoo', 127, 0)
insert into SIR values (463569194, 'Tenn', 157, 0)
insert into SIR values (528883911, 'Skrang', 102, 0)
insert into SIR values (152215180, 'Frylord', 107, 0)
insert into SIR values (871186327, 'Slacks', 146, 0)
insert into SIR values (873451491, 'Miyuki', 147, 0)
insert into SIR values (467225868, 'Theen', 137, 0)
insert into SIR values (139197887, 'Tak', 149, 0)
insert into SIR values (287013324, 'Krunk', 127, 0)
insert into SIR values (469373172, 'Rarl Kove', 105, 0)
insert into SIR values (302876926, 'Slant', 121, 0)
insert into SIR values (484329548, 'Theen', 158, 0)
insert into SIR values (843928360, 'Poot', 94, 0)
insert into SIR values (280031692, 'Spleen', 130, 1)
insert into SIR values (211579767, 'El', 139, 0)
insert into SIR values (678874294, 'Dooky', 113, 1)
insert into SIR values (680717731, 'Pesto', 126, 0)
insert into SIR values (541961442, 'Red', 99, 0)
insert into SIR values (942137939, 'Poki', 113, 0)
insert into SIR values (432027674, 'Purple', 98, 0)
insert into SIR values (457402656, 'Lardnar', 91, 0)
insert into SIR values (271341012, 'Bob', 117, 1)
insert into SIR values (516602892, 'Yoogli', 140, 0)
insert into SIR values (834154920, 'Alexovich', 146, 0)
insert into SIR values (230634466, 'Miyuki', 130, 0)
insert into SIR values (192386105, 'Kim', 150, 1)
insert into SIR values (658433958, 'Larb', 154, 0)
insert into SIR values (275356159, 'Grapa', 90, 0)
insert into SIR values (504437913, 'Groot', 113, 0)
insert into SIR values (350635882, 'The Elder', 118, 0)
insert into SIR values (659206050, 'Nen', 100, 1)
insert into SIR values (325106346, 'Sneakyonfoota', 142, 0)
insert into SIR values (681906427, 'El', 97, 1)
insert into SIR values (786453619, 'Sklud', 145, 0)
insert into SIR values (716371947, 'Yoogli', 154, 0)
insert into SIR values (654815508, 'Skutch', 119, 0)
insert into SIR values (983552556, 'Sizz-Lorr', 128, 0)
insert into SIR values (552719287, 'Thoob', 145, 0)
insert into SIR values (117991669, 'Yuli', 107, 1)
insert into SIR values (354660189, 'Frylord', 143, 0)
insert into SIR values (737463284, 'Skutch', 137, 0)
insert into SIR values (166474315, 'Koot', 150, 0)
insert into SIR values (606695254, 'Grapa', 154, 0)
insert into SIR values (242073782, 'Slant', 96, 0)
insert into SIR values (543250537, 'Jim', 100, 0)
insert into SIR values (238170708, 'Bob', 130, 0)
insert into SIR values (248472574, 'Pesto', 113, 0)
insert into SIR values (209996218, 'Skoodge', 119, 0)
insert into SIR values (189529607, 'Tim', 109, 0)
insert into SIR values (619756270, 'Larb', 138, 0)
insert into SIR values (973146891, 'Gooch', 111, 0)
insert into SIR values (559118103, 'Flobee', 155, 0)
insert into SIR values (664704126, 'Larcher', 119, 0)
insert into SIR values (209883257, 'Spleen', 104, 0)
insert into SIR values (213857410, 'Thoob', 112, 0)
insert into SIR values (933503722, 'Yuli', 160, 0)
insert into SIR values (404266899, 'Koot', 111, 0)
insert into SIR values (150652320, 'Alexovich', 114, 1)
insert into SIR values (757876202, 'Krunk', 135, 0)
insert into SIR values (436171490, 'Zee', 123, 0)
insert into SIR values (715380667, 'Poot', 160, 0)
insert into SIR values (447286016, 'Sqood', 131, 0)
insert into SIR values (466491310, 'Flobee', 143, 0)

insert into Human values ('1', 'Shelby', 'Bradford', '931 Milton Street', 11.5)
insert into Human values ('2', 'Mark', 'Kerr', '38 Fabien Way', 15.5)
insert into Human values ('3', 'Jamison', 'Greer', '97 Green New Blvd.', 8)
insert into Human values ('4', 'Jeffery', 'Mc Gee', '895 Hague St.', 15.5)
insert into Human values ('5', 'Megan', 'Clark', '67 Rocky Fabien Drive', 14.5)
insert into Human values ('6', 'Joshua', 'Edwards', '438 West White Milton Drive', 8.5)
insert into Human values ('7', 'Julie', 'Moreno', '69 Cowley Boulevard', 14)
insert into Human values ('8', 'Claude', 'Zimmerman', '95 White New Road', 15)
insert into Human values ('9', 'Alice', 'Ayala', '393 Rocky Old Road', 14.5)
insert into Human values ('10', 'Kari', 'Hunter', '920 Cowley Avenue', 13)
insert into Human values ('11', 'Monte', 'Sherman', '77 North White First Parkway', 7)
insert into Human values ('12', 'Israel', 'Cannon', '79 Oak Blvd.', 11)
insert into Human values ('13', 'Claudia', 'Figueroa', '49 Milton Blvd.', 12.5)
insert into Human values ('14', 'Janet', 'Fitzgerald', '339 Hague Avenue', 15.5)
insert into Human values ('15', 'Traci', 'Luna', '889 Green Second Parkway', 6)
insert into Human values ('16', 'Robert', 'Middleton', '49 Hague Way', 12.5)
insert into Human values ('17', 'Brad', 'Nicholson', '45 Second Street', 6.5)
insert into Human values ('18', 'Lindsay', 'Conner', '454 Cowley Blvd.', 6.5)
insert into Human values ('19', 'Jose', 'Garrett', '817 South Oak Parkway', 6.5)
insert into Human values ('20', 'Nikki', 'Hodge', '10 Milton Blvd.', 7)
insert into Human values ('21', 'Alfonso', 'Schmidt', '23 Old St.', 15)
insert into Human values ('22', 'Daphne', 'Dudley', '480 Clarendon Blvd.', 13)
insert into Human values ('23', 'Sonya', 'Ryan', '400 East Fabien Avenue', 7)
insert into Human values ('24', 'Orlando', 'Bray', '726 South New Drive', 14)
insert into Human values ('25', 'Karl', 'Nixon', '500 Hague Freeway', 13)
insert into Human values ('26', 'Alissa', 'Greene', '42 Cowley Avenue', 15)
insert into Human values ('27', 'Alan', 'Holmes', '802 Green First Boulevard', 6)
insert into Human values ('28', 'Cristina', 'Glover', '564 Cowley Road', 9)
insert into Human values ('29', 'Melody', 'Reese', '617 White Fabien Way', 13.5)
insert into Human values ('30', 'Darnell', 'Calderon', '85 Green Milton Way', 15)
insert into Human values ('31', 'Eddie', 'Sellers', '53 Green Milton Way', 6.5)
insert into Human values ('32', 'Gabriel', 'Proctor', '744 Rocky New Drive', 7)
insert into Human values ('33', 'Frances', 'Caldwell', '91 Milton Parkway', 13)
insert into Human values ('34', 'Shari', 'Montes', '43 West Fabien Boulevard', 14)
insert into Human values ('35', 'Chadwick', 'Velazquez', '534 Hague Avenue', 10.5)
insert into Human values ('36', 'Marcella', 'Briggs', '48 West New Blvd.', 15.5)
insert into Human values ('37', 'Sonja', 'Fuentes', '352 Rocky Fabien Drive', 6.5)
insert into Human values ('38', 'Joel', 'Downs', '529 Rocky Second Way', 10)
insert into Human values ('39', 'Jessica', 'Schwartz', '60 West Green Fabien Freeway', 9)
insert into Human values ('40', 'Juanita', 'Schneider', '53 Green First Drive', 7)
insert into Human values ('41', 'Billy', 'Phelps', '565 Fabien Drive', 7.5)
insert into Human values ('42', 'Simon', 'Andrews', '98 Oak Boulevard', 8)
insert into Human values ('43', 'Shane', 'Bond', '42 White Milton Way', 16)
insert into Human values ('44', 'Bernard', 'Rowe', '53 Green Clarendon Avenue', 16)
insert into Human values ('45', 'Jamie', 'Weeks', '96 South Hague Parkway', 9.5)
insert into Human values ('46', 'Desiree', 'Farmer', '219 Hague St.', 10)
insert into Human values ('47', 'Isabel', 'Montgomery', '67 Rocky Cowley Street', 9.5)
insert into Human values ('48', 'Christian', 'Harrington', '36 White New Street', 6.5)
insert into Human values ('49', 'Katina', 'Archer', '86 Rocky Milton Boulevard', 11)
insert into Human values ('50', 'Mario', 'Ashley', '923 New Drive', 16)
insert into Human values ('51', 'Cameron', 'Griffin', '79 First St.', 12)
insert into Human values ('52', 'Latoya', 'Ortega', '296 North White Old Boulevard', 10.5)
insert into Human values ('53', 'Lana', 'Good', '20 Rocky Fabien St.', 10.5)
insert into Human values ('54', 'Kristie', 'Hines', '166 Green Clarendon Street', 12)
insert into Human values ('55', 'Marlon', 'Hays', '543 Nobel Parkway', 9.5)
insert into Human values ('56', 'Angela', 'Daniel', '81 North First St.', 10.5)
insert into Human values ('57', 'Nicole', 'Weiss', '32 White Milton Road', 15)
insert into Human values ('58', 'Cassandra', 'Hendrix', '238 Clarendon Avenue', 11)
insert into Human values ('59', 'Amie', 'Levine', '91 Rocky Fabien Street', 15)
insert into Human values ('60', 'Nina', 'Camacho', '14 White Nobel Street', 13.5)
insert into Human values ('61', 'Jarrod', 'George', '125 Rocky Cowley Parkway', 10)
insert into Human values ('62', 'Roberto', 'Golden', '23 Green First Parkway', 13.5)
insert into Human values ('63', 'Tonia', 'Houston', '959 West Milton Street', 13)
insert into Human values ('64', 'Abigail', 'Kramer', '260 Rocky Cowley Avenue', 9.5)
insert into Human values ('65', 'Brian', 'Walker', '899 Rocky Nobel Freeway', 8.5)
insert into Human values ('66', 'Evan', 'Valenzuela', '69 Clarendon Avenue', 7.5)
insert into Human values ('67', 'Roger', 'Duffy', '66 Second Street', 14.5)
insert into Human values ('68', 'Sandy', 'Marshall', '83 First Drive', 7.5)
insert into Human values ('69', 'Preston', 'Hodge', '559 Oak St.', 9)
insert into Human values ('70', 'Pablo', 'Werner', '84 Milton St.', 10)
insert into Human values ('71', 'Nicole', 'Bartlett', '31 Nobel Way', 15.5)
insert into Human values ('72', 'Bridgette', 'Chandler', '183 White New Avenue', 10.5)
insert into Human values ('73', 'Miriam', 'Bell', '919 East White Clarendon Boulevard', 14)
insert into Human values ('74', 'Devon', 'Henry', '439 Old Avenue', 10)
insert into Human values ('75', 'Ramona', 'Anderson', '40 Nobel St.', 11)
insert into Human values ('76', 'Ramona', 'Ochoa', '77 West Hague Avenue', 7.5)
insert into Human values ('77', 'Shad', 'Acosta', '642 South Milton Drive', 6.5)
insert into Human values ('78', 'Hilary', 'Lester', '250 Clarendon Boulevard', 12)
insert into Human values ('79', 'Kelvin', 'Love', '863 Green Hague Street', 16)
insert into Human values ('80', 'Chadwick', 'Trevino', '42 Milton Drive', 9.5)
insert into Human values ('81', 'Joni', 'Chandler', '856 White Milton Way', 15.5)
insert into Human values ('82', 'Vicki', 'Floyd', '304 White Cowley Boulevard', 7)
insert into Human values ('83', 'Gabriela', 'Burns', '205 Green Hague Boulevard', 12)
insert into Human values ('84', 'Cedric', 'Browning', '65 Second Boulevard', 8.5)
insert into Human values ('85', 'Luke', 'Webb', '707 Rocky Oak Road', 7.5)
insert into Human values ('86', 'Judy', 'Evans', '657 Second St.', 6)
insert into Human values ('87', 'Wendi', 'Hanson', '68 White Old Way', 6)
insert into Human values ('88', 'Kareem', 'Malone', '78 White Oak Freeway', 11.5)
insert into Human values ('89', 'Christine', 'Rubio', '70 White Clarendon Drive', 8.5)
insert into Human values ('90', 'Luke', 'Torres', '408 Cowley Road', 8)
insert into Human values ('91', 'Brandi', 'Pacheco', '600 Oak Avenue', 13.5)
insert into Human values ('92', 'Seth', 'Gordon', '990 New Road', 13.5)
insert into Human values ('93', 'Gina', 'Reyes', '165 Old Freeway', 6)
insert into Human values ('94', 'Guy', 'Key', '141 First Freeway', 14)
insert into Human values ('95', 'Jeanette', 'Hodge', '719 Cowley Parkway', 13.5)
insert into Human values ('96', 'Jonathan', 'Horne', '443 Rocky Old Freeway', 15.5)
insert into Human values ('97', 'Holly', 'Fernandez', '720 Green Clarendon Road', 11.5)
insert into Human values ('98', 'Warren', 'West', '146 South White Milton Blvd.', 8)
insert into Human values ('99', 'Bennie', 'Landry', '538 Rocky Fabien Freeway', 15.5)
insert into Human values ('100', 'Jean', 'Trevino', '99 Oak Parkway', 7)

insert into Utensil values ('TUA EX SED EI CUM IPSUM ORATIO EIRMOD PRO AD DIAM', 'stainless steel')
insert into Utensil values ('MIS MEA NE HIS DICUNT ERUDITI CONSULATU IN MUCIUS', 'clay')
insert into Utensil values ('OBLIQUE VOLUPTATIBUSID NEC DUIS ILLUM VITAE ALIA', 'earthenware')
insert into Utensil values ('PER TE AT NULLA QUAEQUE EAMEA IRIURE CONSEQUAT ME', 'clay')
insert into Utensil values ('DISPUTANDO DISSENTIET NO MEA DOCENDI COTIDIEQUE VI', 'aluminum')
insert into Utensil values ('EAM SIMUL VOLUPTATUM EUM POSTEA DOCTUS NO NOBIS P', 'enamelware')
insert into Utensil values ('ALII OMNIUM OPTION EUM IN NE ASSUM DOCTUS PRO VEL', 'copper')
insert into Utensil values ('IM EI AETERNO REFORMIDANS DUO NE USU TE INANI EVER', 'copper')
insert into Utensil values ('VENDUM EUM IN CIBO NATUM TORQUATOS QUO AUGUE PERIC', 'iron')
insert into Utensil values ('APEIRIAN ATQUI CIVIBUS PERCIPIT IN PRI EAM DICTA D', 'earthenware')
insert into Utensil values ('UMSAN PARTIENDOQUANDO SCAEVOLA DEFINITIONEM PER AD', 'copper')
insert into Utensil values ('PRAESENT IUDICO VOLUMUS PERSEQUERIS ID HAS MEA NOS', 'clay')
insert into Utensil values ('NS PROBATUS EI VEL OPORTERE CONSETETUR EU PRIMIS P', 'plastic')
insert into Utensil values ('S CONSTITUTO EAZRIL CONSETETUR EST NE SED ELIT ELI', 'enamelware')
insert into Utensil values ('COMPREHENSAM EOS AT MALORUM PERCIPITUR DUO IGNOTA', 'enamelware')
insert into Utensil values ('VIX DOLOR NOMINAVI CU MEI REQUE ETIAM VIDISSE ID M', 'glass')
insert into Utensil values ('N QUO ET EUISMOD SPLENDIDE HIS AT SALE EXERCI PERS', 'enamelware')
insert into Utensil values ('ASE EVERTI IMPEDIT EI SIT NE SAEPE NONUMES VOLUTPA', 'aluminum')
insert into Utensil values ('UO VIS DOLORE PLATONEM UT NO DICAT TATION NOSTRUD', 'glass')
insert into Utensil values ('POSTEA DETRAXIT EA EAM ALII SCAEVOLA VOLUPTATIBUS', 'stainless steel')
insert into Utensil values ('IUS SONET APPAREAT NO EUM AUTEM MEDIOCREM DESERUIS', 'earthenware')
insert into Utensil values ('RE QUIDAM INERMISNE PRO GRAECI DELECTUS VOLUTPAT E', 'clay')
insert into Utensil values ('EST EX TOTA MOLESTIAE SIT NE MELIUS DELENIT MALIS', 'stainless steel')
insert into Utensil values ('VOLUPTARIA ELOQUENTIAM EI USU ASSUM SAEPE ALTERUM', 'glass')
insert into Utensil values ('MIDANS HIS DICAM PUTANT MALORUM NO PROPRIAE PERPET', 'aluminum')
insert into Utensil values ('ERFECTO IN MALIS PUTENT BONORUM CUM ID AT DICAM NO', 'plastic')
insert into Utensil values ('SPLENDIDE REPRIMIQUE MEA NOID SONET EQUIDEM INERM', 'enamelware')
insert into Utensil values ('QUAERENDUM COMPLECTITUR VIM ET CUM NOSTRUD PERSEQU', 'glass')
insert into Utensil values ('DIT AD MEA ERIPUIT PLATONEM EAM DICAM ANTIOPAM AN', 'enamelware')
insert into Utensil values ('IN AFFERT COMPREHENSAM DUO DUIS AETERNO FIERENT AN', 'plastic')
insert into Utensil values ('ITUREUM NISL RIDENS VOCENT UT EI MEL FACETE ALBUCI', 'copper')
insert into Utensil values ('DEFINITIONES ANESSENT SALUTATUS NAM EU IN MOVET TI', 'earthenware')
insert into Utensil values ('USU FASTIDII TRACTATOS EUVIX DISSENTIAS INSTRUCTIO', 'iron')
insert into Utensil values ('SED ALBUCIUS ACCUSATA EXPETENDIS ID HIS ADMODUM HO', 'clay')
insert into Utensil values ('BUSQUEM NOLUISSE DESERUNT CUM EU PRO VERI AUTEM ER', 'copper')
insert into Utensil values ('AEVOLA CONTENTIONES CU ID QUI CORPORA THEOPHRASTUS', 'iron')
insert into Utensil values ('T ZRIL PERCIPITUR HAS EA QUO DOLORES MENTITUM CUM', 'earthenware')
insert into Utensil values ('CTIOR TE EOSDUO TE DEBET PLACERAT MEI CONSUL RIDEN', 'glass')
insert into Utensil values ('D POSTULANT SALUTATUS QUI NE VIM UT FIERENT ULLAMC', 'earthenware')
insert into Utensil values ('I ERANT QUODSI SEA TE SONET DETRACTO NAM USU SAEPE', 'clay')
insert into Utensil values ('E EUISMOD VIVENDO EI ESSENT TAMQUAM TE DUO IN QUO', 'glass')
insert into Utensil values ('NSECTETUER VIX ET IUSTO APERIAM MOLESTIAE TE USU U', 'clay')
insert into Utensil values ('A SUSCIPIANTUR VELLOREM IPSUM DOLOR SIT AMET DUO N', 'stainless steel')
insert into Utensil values ('UERIS HABEO OMNESQUE HIS CUET MEA VERI SAEPE ALIEN', 'enamelware')
insert into Utensil values ('FALLI PROMPTA PERCIPITUR NE SED EI EOS LABORE VIV', 'iron')
insert into Utensil values ('DICABIT AD VIMHIS ASSUM ADVERSARIUM EA TE MINIM NO', 'earthenware')
insert into Utensil values ('STRO ERUDITI ANCILLAE TE EXERCI VIRTUTE DEFINITION', 'glass')
insert into Utensil values ('S EOS DICAM MUCIUS ELEIFEND EI TE SED RIDENS ALIEN', 'stainless steel')
insert into Utensil values ('FABULAS NOSTRUM DISSENTIAS EX NEC QUO COMMODO PROD', 'iron')
insert into Utensil values ('X TIBIQUE FORENSIBUS DISPUTANDO IN HAS IUS VERITUS', 'enamelware')
insert into Utensil values ('NE VOCENT HENDRERIT TE DUO SENSIBUS ELABORARET EST', 'plastic')
insert into Utensil values ('RREM EX VIX CONSUL ERUDITI COTIDIEQUE AT ID CAUSAE', 'glass')
insert into Utensil values ('RTI AD PRI MUTATTE NULLA PHAEDRUM EAM USU ALIA SCA', 'copper')
insert into Utensil values ('T PRIMIS PRODESSET IUS SIT EROS SAEPE GRAECIS EX F', 'iron')
insert into Utensil values ('VEL EX ILLUM MALIS ABHORREANT NO NAM VIS CU MOLLI', 'glass')
insert into Utensil values ('VERTI HENDRERIT ACCOMMODARE MEL AD EI PRO QUIDAM P', 'stainless steel')
insert into Utensil values ('SCRIPTA ORNATUS IUS AD IUS OPTION OFFENDIT REFORM', 'clay')
insert into Utensil values ('PERICULA HIS EX MEI CU ACCUSAMUS REPRIMIQUEAT HAS', 'clay')
insert into Utensil values ('MEA HOMERO SALUTANDI EU ET ELITR PONDERUM SEA UT P', 'iron')
insert into Utensil values ('PRIMA ID HAS AD EUM MANDAMUS RECTEQUE AN SEA ACCU', 'glass')
insert into Utensil values ('ONESTATIS HIS PERICULA DISSENTIUNT NE ET PROMPTA Q', 'enamelware')
insert into Utensil values ('ONCLUDATURQUE IN NAM ET POSTEA SANCTUS DOLORES IUS', 'plastic')
insert into Utensil values ('AM UT TOTA FACETE IUS HIS EX MODO MAGNA AEQUE EI V', 'glass')
insert into Utensil values ('EI COMMUNE CONSTITUTO EOS AT MEIS REBUM ET EUM UT', 'glass')
insert into Utensil values ('D FASTIDII LUCILIUS PERSECUTI EU USU HAS IN VERI A', 'earthenware')
insert into Utensil values ('VIS TE MEDIOCREM ADVERSARIUM ATQUI QUALISQUE VIS E', 'enamelware')
insert into Utensil values ('HIS NOMINATI PLATONEM VOLUPTARIA ID VISEA NATUM M', 'enamelware')
insert into Utensil values ('IN EST OFFENDIT POSTULANT THEOPHRASTUS EA PROMPTA', 'stainless steel')
insert into Utensil values ('TE MEA NATUM MELIORE DESERUNT QUI EI AUTEM PERCIPI', 'clay')
insert into Utensil values ('E COMPLECTITUR PRO AN ALIA NEMORE PER NO IUS SUMO', 'enamelware')
insert into Utensil values ('ELOQUENTIAM QUO EU HIS DICIT DOLORES CONSETETURVIS', 'aluminum')
insert into Utensil values ('LABITUR OPORTERE SIT PRI CU VIDE IGNOTA OPORTERE', 'glass')
insert into Utensil values ('POSSE UBIQUE EVERTI HAS TE BRUTE IPSUM DEBET QUIEV', 'iron')
insert into Utensil values ('ERCIPITUR IUS EX QUOT MALORUM IN VIS ALTERUM TORQU', 'glass')
insert into Utensil values ('OSTRUD SAPIENTEM CUM UT CIBO PUTENT DISCERE SEA EI', 'copper')
insert into Utensil values ('NUM QUANDO NOMINATI CU HAS QUI UT QUODSI NECESSITA', 'iron')
insert into Utensil values ('AN QUI ALTERA PROPRIAE NOMINAVI GLORIATUR EU CUM V', 'earthenware')
insert into Utensil values ('OR DELICATISSIMI UT PRI ID SONET ALTERA SAPERET ET', 'glass')
insert into Utensil values ('IS TIMEAM VIDISSE DELICATA MODERATIUS AN HIS SEA I', 'copper')
insert into Utensil values ('DESSET EA HAS SAPERET VOCIBUS ET IUS NE UTAMUR EUI', 'iron')
insert into Utensil values ('UATOS CU MEIVIS UT IRIURE MAIESTATIS EX UNUM IRACU', 'stainless steel')
insert into Utensil values ('SEQUERIS VIM ET GRAECIS SINGULIS EAM TE PERICULA E', 'aluminum')
insert into Utensil values ('ANIMAL VIDERER HONESTATIS USU MUTAT PLACERAT LIBE', 'aluminum')
insert into Utensil values ('AT HAS ET MODUS EURIPIDIS EFFICIENDI WISI MEIS OCU', 'stainless steel')
insert into Utensil values ('S AD QUI NONUMY VIDERER MEDIOCREM USU NOBIS UTINAM', 'copper')
insert into Utensil values ('FABULAS ERREM DISSENTIAS CONCLUDATURQUE ID HAS VI', 'earthenware')
insert into Utensil values ('ERANT PERSECUTI MEL ET QUO EU GRAECE DELENITI SED', 'earthenware')
insert into Utensil values ('ATIONIBUS IN VEL NE IUS BONORUM VOCIBUS FACILIS PE', 'aluminum')
insert into Utensil values ('M SEA ID MENTITUM INVIDUNT NAM EI ET ALII NONUMY C', 'clay')
insert into Utensil values ('E VIS OMITTAM PERICULIS NE SEA ADIPISCI VOLUPTATIB', 'aluminum')
insert into Utensil values ('S LOBORTIS REFERRENTUR CUM EU INANI HOMERO INSTRUC', 'stainless steel')
insert into Utensil values ('S EU ILLUD MODERATIUS CU ILLUM MALIS QUI CONSUL RA', 'clay')
insert into Utensil values ('MUNDI PHAEDRUM USU DOMING ORNATUS ERRORIBUS EAM AD', 'copper')
insert into Utensil values ('L AN ADHUC ARGUMENTUMNO UTROQUE SCRIBENTUR EUM ET', 'clay')
insert into Utensil values ('AS NO AN GRAECI THEOPHRASTUS IUS SOLUTA MELIUS CON', 'plastic')
insert into Utensil values ('SSE SIT EA VIM SENSERIT RATIONIBUS ADIPISCING EU V', 'glass')
insert into Utensil values ('NUM CONTENTIONES EX NAM AT ANIMAL ABHORREANT HIS E', 'earthenware')
insert into Utensil values ('ITR NOSTER ET NE NAM PAULO EPICURI PERTINAX VIX CA', 'copper')
insert into Utensil values ('VIX TATION TIMEAM NE DELENITI PONDERUM HENDRERIT M', 'clay')
insert into Utensil values ('M INTEGRE CU TIBIQUE LUPTATUM VOLUPTARIA NAM EU UT', 'enamelware')

insert into UtensilOwnership values (1, 73, 'QUAERENDUM COMPLECTITUR VIM ET CUM NOSTRUD PERSEQU', 22)
insert into UtensilOwnership values (2, 82, 'SED ALBUCIUS ACCUSATA EXPETENDIS ID HIS ADMODUM HO', 8)
insert into UtensilOwnership values (3, 77, 'S AD QUI NONUMY VIDERER MEDIOCREM USU NOBIS UTINAM', 37)
insert into UtensilOwnership values (4, 56, 'MIDANS HIS DICAM PUTANT MALORUM NO PROPRIAE PERPET', 15)
insert into UtensilOwnership values (5, 21, 'AS NO AN GRAECI THEOPHRASTUS IUS SOLUTA MELIUS CON', 10)
insert into UtensilOwnership values (6, 56, 'MIDANS HIS DICAM PUTANT MALORUM NO PROPRIAE PERPET', 6)
insert into UtensilOwnership values (7, 91, 'UERIS HABEO OMNESQUE HIS CUET MEA VERI SAEPE ALIEN', 15)
insert into UtensilOwnership values (8, 45, 'I ERANT QUODSI SEA TE SONET DETRACTO NAM USU SAEPE', 21)
insert into UtensilOwnership values (9, 98, 'VIX DOLOR NOMINAVI CU MEI REQUE ETIAM VIDISSE ID M', 11)
insert into UtensilOwnership values (10, 28, 'D FASTIDII LUCILIUS PERSECUTI EU USU HAS IN VERI A', 39)
insert into UtensilOwnership values (11, 30, 'DEFINITIONES ANESSENT SALUTATUS NAM EU IN MOVET TI', 5)
insert into UtensilOwnership values (12, 47, 'IN AFFERT COMPREHENSAM DUO DUIS AETERNO FIERENT AN', 30)
insert into UtensilOwnership values (13, 64, 'NUM QUANDO NOMINATI CU HAS QUI UT QUODSI NECESSITA', 1)
insert into UtensilOwnership values (14, 47, 'IN AFFERT COMPREHENSAM DUO DUIS AETERNO FIERENT AN', 30)
insert into UtensilOwnership values (15, 99, 'VIX TATION TIMEAM NE DELENITI PONDERUM HENDRERIT M', 7)
insert into UtensilOwnership values (16, 4, 'FABULAS ERREM DISSENTIAS CONCLUDATURQUE ID HAS VI', 3)
insert into UtensilOwnership values (17, 87, 'T ZRIL PERCIPITUR HAS EA QUO DOLORES MENTITUM CUM', 27)
insert into UtensilOwnership values (18, 100, 'X TIBIQUE FORENSIBUS DISPUTANDO IN HAS IUS VERITUS', 25)
insert into UtensilOwnership values (19, 68, 'OSTRUD SAPIENTEM CUM UT CIBO PUTENT DISCERE SEA EI', 33)
insert into UtensilOwnership values (20, 32, 'DICABIT AD VIMHIS ASSUM ADVERSARIUM EA TE MINIM NO', 14)
insert into UtensilOwnership values (21, 82, 'SED ALBUCIUS ACCUSATA EXPETENDIS ID HIS ADMODUM HO', 31)
insert into UtensilOwnership values (22, 85, 'STRO ERUDITI ANCILLAE TE EXERCI VIRTUTE DEFINITION', 16)
insert into UtensilOwnership values (23, 100, 'X TIBIQUE FORENSIBUS DISPUTANDO IN HAS IUS VERITUS', 3)
insert into UtensilOwnership values (24, 4, 'FABULAS ERREM DISSENTIAS CONCLUDATURQUE ID HAS VI', 22)
insert into UtensilOwnership values (25, 70, 'POSSE UBIQUE EVERTI HAS TE BRUTE IPSUM DEBET QUIEV', 24)
insert into UtensilOwnership values (26, 53, 'M INTEGRE CU TIBIQUE LUPTATUM VOLUPTARIA NAM EU UT', 17)
insert into UtensilOwnership values (27, 94, 'USU FASTIDII TRACTATOS EUVIX DISSENTIAS INSTRUCTIO', 6)
insert into UtensilOwnership values (28, 69, 'PERICULA HIS EX MEI CU ACCUSAMUS REPRIMIQUEAT HAS', 21)
insert into UtensilOwnership values (29, 55, 'MEA HOMERO SALUTANDI EU ET ELITR PONDERUM SEA UT P', 22)
insert into UtensilOwnership values (30, 9, 'OBLIQUE VOLUPTATIBUSID NEC DUIS ILLUM VITAE ALIA', 4)
insert into UtensilOwnership values (31, 19, 'AN QUI ALTERA PROPRIAE NOMINAVI GLORIATUR EU CUM V', 38)
insert into UtensilOwnership values (32, 46, 'IM EI AETERNO REFORMIDANS DUO NE USU TE INANI EVER', 24)
insert into UtensilOwnership values (33, 30, 'DEFINITIONES ANESSENT SALUTATUS NAM EU IN MOVET TI', 13)
insert into UtensilOwnership values (34, 99, 'VIX TATION TIMEAM NE DELENITI PONDERUM HENDRERIT M', 32)
insert into UtensilOwnership values (35, 65, 'ONCLUDATURQUE IN NAM ET POSTEA SANCTUS DOLORES IUS', 39)
insert into UtensilOwnership values (36, 77, 'S AD QUI NONUMY VIDERER MEDIOCREM USU NOBIS UTINAM', 23)
insert into UtensilOwnership values (37, 4, 'FABULAS ERREM DISSENTIAS CONCLUDATURQUE ID HAS VI', 39)
insert into UtensilOwnership values (38, 39, 'ELOQUENTIAM QUO EU HIS DICIT DOLORES CONSETETURVIS', 3)
insert into UtensilOwnership values (39, 35, 'E COMPLECTITUR PRO AN ALIA NEMORE PER NO IUS SUMO', 23)
insert into UtensilOwnership values (40, 96, 'VERTI HENDRERIT ACCOMMODARE MEL AD EI PRO QUIDAM P', 9)
insert into UtensilOwnership values (41, 51, 'IUS SONET APPAREAT NO EUM AUTEM MEDIOCREM DESERUIS', 17)
insert into UtensilOwnership values (42, 72, 'PRAESENT IUDICO VOLUMUS PERSEQUERIS ID HAS MEA NOS', 11)
insert into UtensilOwnership values (43, 12, 'SCRIPTA ORNATUS IUS AD IUS OPTION OFFENDIT REFORM', 22)
insert into UtensilOwnership values (44, 28, 'D FASTIDII LUCILIUS PERSECUTI EU USU HAS IN VERI A', 36)
insert into UtensilOwnership values (45, 91, 'UERIS HABEO OMNESQUE HIS CUET MEA VERI SAEPE ALIEN', 9)
insert into UtensilOwnership values (46, 80, 'S EU ILLUD MODERATIUS CU ILLUM MALIS QUI CONSUL RA', 30)
insert into UtensilOwnership values (47, 34, 'DIT AD MEA ERIPUIT PLATONEM EAM DICAM ANTIOPAM AN', 16)
insert into UtensilOwnership values (48, 46, 'IM EI AETERNO REFORMIDANS DUO NE USU TE INANI EVER', 33)
insert into UtensilOwnership values (49, 15, 'VOLUPTARIA ELOQUENTIAM EI USU ASSUM SAEPE ALTERUM', 33)
insert into UtensilOwnership values (50, 23, 'AT HAS ET MODUS EURIPIDIS EFFICIENDI WISI MEIS OCU', 5)
insert into UtensilOwnership values (51, 42, 'ERFECTO IN MALIS PUTENT BONORUM CUM ID AT DICAM NO', 26)
insert into UtensilOwnership values (52, 72, 'PRAESENT IUDICO VOLUMUS PERSEQUERIS ID HAS MEA NOS', 5)
insert into UtensilOwnership values (53, 62, 'NSECTETUER VIX ET IUSTO APERIAM MOLESTIAE TE USU U', 37)
insert into UtensilOwnership values (54, 49, 'ITR NOSTER ET NE NAM PAULO EPICURI PERTINAX VIX CA', 25)
insert into UtensilOwnership values (55, 20, 'APEIRIAN ATQUI CIVIBUS PERCIPIT IN PRI EAM DICTA D', 9)
insert into UtensilOwnership values (56, 88, 'TE MEA NATUM MELIORE DESERUNT QUI EI AUTEM PERCIPI', 6)
insert into UtensilOwnership values (57, 83, 'SEQUERIS VIM ET GRAECIS SINGULIS EAM TE PERICULA E', 4)
insert into UtensilOwnership values (58, 74, 'RE QUIDAM INERMISNE PRO GRAECI DELECTUS VOLUTPAT E', 15)
insert into UtensilOwnership values (59, 86, 'T PRIMIS PRODESSET IUS SIT EROS SAEPE GRAECIS EX F', 31)
insert into UtensilOwnership values (60, 68, 'OSTRUD SAPIENTEM CUM UT CIBO PUTENT DISCERE SEA EI', 33)
insert into UtensilOwnership values (61, 63, 'NUM CONTENTIONES EX NAM AT ANIMAL ABHORREANT HIS E', 40)
insert into UtensilOwnership values (62, 22, 'ASE EVERTI IMPEDIT EI SIT NE SAEPE NONUMES VOLUTPA', 34)
insert into UtensilOwnership values (63, 90, 'UATOS CU MEIVIS UT IRIURE MAIESTATIS EX UNUM IRACU', 40)
insert into UtensilOwnership values (64, 90, 'UATOS CU MEIVIS UT IRIURE MAIESTATIS EX UNUM IRACU', 6)
insert into UtensilOwnership values (65, 9, 'OBLIQUE VOLUPTATIBUSID NEC DUIS ILLUM VITAE ALIA', 1)
insert into UtensilOwnership values (66, 84, 'SSE SIT EA VIM SENSERIT RATIONIBUS ADIPISCING EU V', 21)
insert into UtensilOwnership values (67, 18, 'AM UT TOTA FACETE IUS HIS EX MODO MAGNA AEQUE EI V', 17)
insert into UtensilOwnership values (68, 65, 'ONCLUDATURQUE IN NAM ET POSTEA SANCTUS DOLORES IUS', 9)
insert into UtensilOwnership values (69, 83, 'SEQUERIS VIM ET GRAECIS SINGULIS EAM TE PERICULA E', 32)
insert into UtensilOwnership values (70, 22, 'ASE EVERTI IMPEDIT EI SIT NE SAEPE NONUMES VOLUTPA', 24)
insert into UtensilOwnership values (71, 100, 'X TIBIQUE FORENSIBUS DISPUTANDO IN HAS IUS VERITUS', 5)
insert into UtensilOwnership values (72, 49, 'ITR NOSTER ET NE NAM PAULO EPICURI PERTINAX VIX CA', 24)
insert into UtensilOwnership values (73, 66, 'ONESTATIS HIS PERICULA DISSENTIUNT NE ET PROMPTA Q', 2)
insert into UtensilOwnership values (74, 72, 'PRAESENT IUDICO VOLUMUS PERSEQUERIS ID HAS MEA NOS', 23)
insert into UtensilOwnership values (75, 81, 'S LOBORTIS REFERRENTUR CUM EU INANI HOMERO INSTRUC', 38)
insert into UtensilOwnership values (76, 11, 'PRIMA ID HAS AD EUM MANDAMUS RECTEQUE AN SEA ACCU', 20)
insert into UtensilOwnership values (77, 73, 'QUAERENDUM COMPLECTITUR VIM ET CUM NOSTRUD PERSEQU', 34)
insert into UtensilOwnership values (78, 72, 'PRAESENT IUDICO VOLUMUS PERSEQUERIS ID HAS MEA NOS', 8)
insert into UtensilOwnership values (79, 13, 'SPLENDIDE REPRIMIQUE MEA NOID SONET EQUIDEM INERM', 12)
insert into UtensilOwnership values (80, 91, 'UERIS HABEO OMNESQUE HIS CUET MEA VERI SAEPE ALIEN', 34)
insert into UtensilOwnership values (81, 19, 'AN QUI ALTERA PROPRIAE NOMINAVI GLORIATUR EU CUM V', 1)
insert into UtensilOwnership values (82, 48, 'IS TIMEAM VIDISSE DELICATA MODERATIUS AN HIS SEA I', 14)
insert into UtensilOwnership values (83, 55, 'MEA HOMERO SALUTANDI EU ET ELITR PONDERUM SEA UT P', 29)
insert into UtensilOwnership values (84, 33, 'DISPUTANDO DISSENTIET NO MEA DOCENDI COTIDIEQUE VI', 16)
insert into UtensilOwnership values (85, 68, 'OSTRUD SAPIENTEM CUM UT CIBO PUTENT DISCERE SEA EI', 19)
insert into UtensilOwnership values (86, 47, 'IN AFFERT COMPREHENSAM DUO DUIS AETERNO FIERENT AN', 32)
insert into UtensilOwnership values (87, 84, 'SSE SIT EA VIM SENSERIT RATIONIBUS ADIPISCING EU V', 27)
insert into UtensilOwnership values (88, 81, 'S LOBORTIS REFERRENTUR CUM EU INANI HOMERO INSTRUC', 29)
insert into UtensilOwnership values (89, 80, 'S EU ILLUD MODERATIUS CU ILLUM MALIS QUI CONSUL RA', 22)
insert into UtensilOwnership values (90, 77, 'S AD QUI NONUMY VIDERER MEDIOCREM USU NOBIS UTINAM', 32)
insert into UtensilOwnership values (91, 94, 'USU FASTIDII TRACTATOS EUVIX DISSENTIAS INSTRUCTIO', 18)
insert into UtensilOwnership values (92, 30, 'DEFINITIONES ANESSENT SALUTATUS NAM EU IN MOVET TI', 23)
insert into UtensilOwnership values (93, 53, 'M INTEGRE CU TIBIQUE LUPTATUM VOLUPTARIA NAM EU UT', 12)
insert into UtensilOwnership values (94, 67, 'OR DELICATISSIMI UT PRI ID SONET ALTERA SAPERET ET', 30)
insert into UtensilOwnership values (95, 34, 'DIT AD MEA ERIPUIT PLATONEM EAM DICAM ANTIOPAM AN', 10)
insert into UtensilOwnership values (96, 29, 'D POSTULANT SALUTATUS QUI NE VIM UT FIERENT ULLAMC', 23)
insert into UtensilOwnership values (97, 83, 'SEQUERIS VIM ET GRAECIS SINGULIS EAM TE PERICULA E', 11)
insert into UtensilOwnership values (98, 23, 'AT HAS ET MODUS EURIPIDIS EFFICIENDI WISI MEIS OCU', 16)
insert into UtensilOwnership values (99, 19, 'AN QUI ALTERA PROPRIAE NOMINAVI GLORIATUR EU CUM V', 35)
insert into UtensilOwnership values (100, 7, 'IN EST OFFENDIT POSTULANT THEOPHRASTUS EA PROMPTA', 29)
insert into UtensilOwnership values (101, 63, 'NUM CONTENTIONES EX NAM AT ANIMAL ABHORREANT HIS E', 13)
insert into UtensilOwnership values (102, 70, 'POSSE UBIQUE EVERTI HAS TE BRUTE IPSUM DEBET QUIEV', 6)
insert into UtensilOwnership values (103, 64, 'NUM QUANDO NOMINATI CU HAS QUI UT QUODSI NECESSITA', 1)
insert into UtensilOwnership values (104, 93, 'UO VIS DOLORE PLATONEM UT NO DICAT TATION NOSTRUD', 8)
insert into UtensilOwnership values (105, 23, 'AT HAS ET MODUS EURIPIDIS EFFICIENDI WISI MEIS OCU', 40)
insert into UtensilOwnership values (106, 93, 'UO VIS DOLORE PLATONEM UT NO DICAT TATION NOSTRUD', 2)
insert into UtensilOwnership values (107, 7, 'IN EST OFFENDIT POSTULANT THEOPHRASTUS EA PROMPTA', 3)
insert into UtensilOwnership values (108, 91, 'UERIS HABEO OMNESQUE HIS CUET MEA VERI SAEPE ALIEN', 13)
insert into UtensilOwnership values (109, 68, 'OSTRUD SAPIENTEM CUM UT CIBO PUTENT DISCERE SEA EI', 28)
insert into UtensilOwnership values (110, 10, 'PER TE AT NULLA QUAEQUE EAMEA IRIURE CONSEQUAT ME', 30)
insert into UtensilOwnership values (111, 15, 'VOLUPTARIA ELOQUENTIAM EI USU ASSUM SAEPE ALTERUM', 12)
insert into UtensilOwnership values (112, 11, 'PRIMA ID HAS AD EUM MANDAMUS RECTEQUE AN SEA ACCU', 37)
insert into UtensilOwnership values (113, 61, 'NS PROBATUS EI VEL OPORTERE CONSETETUR EU PRIMIS P', 2)
insert into UtensilOwnership values (114, 96, 'VERTI HENDRERIT ACCOMMODARE MEL AD EI PRO QUIDAM P', 37)
insert into UtensilOwnership values (115, 50, 'ITUREUM NISL RIDENS VOCENT UT EI MEL FACETE ALBUCI', 32)
insert into UtensilOwnership values (116, 15, 'VOLUPTARIA ELOQUENTIAM EI USU ASSUM SAEPE ALTERUM', 25)
insert into UtensilOwnership values (117, 68, 'OSTRUD SAPIENTEM CUM UT CIBO PUTENT DISCERE SEA EI', 5)
insert into UtensilOwnership values (118, 57, 'MIS MEA NE HIS DICUNT ERUDITI CONSULATU IN MUCIUS', 23)
insert into UtensilOwnership values (119, 23, 'AT HAS ET MODUS EURIPIDIS EFFICIENDI WISI MEIS OCU', 27)
insert into UtensilOwnership values (120, 62, 'NSECTETUER VIX ET IUSTO APERIAM MOLESTIAE TE USU U', 9)
insert into UtensilOwnership values (121, 1, 'ALII OMNIUM OPTION EUM IN NE ASSUM DOCTUS PRO VEL', 34)
insert into UtensilOwnership values (122, 37, 'E VIS OMITTAM PERICULIS NE SEA ADIPISCI VOLUPTATIB', 29)
insert into UtensilOwnership values (123, 86, 'T PRIMIS PRODESSET IUS SIT EROS SAEPE GRAECIS EX F', 28)
insert into UtensilOwnership values (124, 7, 'IN EST OFFENDIT POSTULANT THEOPHRASTUS EA PROMPTA', 40)
insert into UtensilOwnership values (125, 29, 'D POSTULANT SALUTATUS QUI NE VIM UT FIERENT ULLAMC', 5)
insert into UtensilOwnership values (126, 71, 'POSTEA DETRAXIT EA EAM ALII SCAEVOLA VOLUPTATIBUS', 22)
insert into UtensilOwnership values (127, 96, 'VERTI HENDRERIT ACCOMMODARE MEL AD EI PRO QUIDAM P', 11)
insert into UtensilOwnership values (128, 99, 'VIX TATION TIMEAM NE DELENITI PONDERUM HENDRERIT M', 13)
insert into UtensilOwnership values (129, 39, 'ELOQUENTIAM QUO EU HIS DICIT DOLORES CONSETETURVIS', 13)
insert into UtensilOwnership values (130, 53, 'M INTEGRE CU TIBIQUE LUPTATUM VOLUPTARIA NAM EU UT', 14)
insert into UtensilOwnership values (131, 29, 'D POSTULANT SALUTATUS QUI NE VIM UT FIERENT ULLAMC', 8)
insert into UtensilOwnership values (132, 51, 'IUS SONET APPAREAT NO EUM AUTEM MEDIOCREM DESERUIS', 18)
insert into UtensilOwnership values (133, 54, 'M SEA ID MENTITUM INVIDUNT NAM EI ET ALII NONUMY C', 14)
insert into UtensilOwnership values (134, 6, 'HIS NOMINATI PLATONEM VOLUPTARIA ID VISEA NATUM M', 23)
insert into UtensilOwnership values (135, 29, 'D POSTULANT SALUTATUS QUI NE VIM UT FIERENT ULLAMC', 21)
insert into UtensilOwnership values (136, 50, 'ITUREUM NISL RIDENS VOCENT UT EI MEL FACETE ALBUCI', 35)
insert into UtensilOwnership values (137, 85, 'STRO ERUDITI ANCILLAE TE EXERCI VIRTUTE DEFINITION', 13)
insert into UtensilOwnership values (138, 62, 'NSECTETUER VIX ET IUSTO APERIAM MOLESTIAE TE USU U', 20)
insert into UtensilOwnership values (139, 11, 'PRIMA ID HAS AD EUM MANDAMUS RECTEQUE AN SEA ACCU', 16)
insert into UtensilOwnership values (140, 75, 'RREM EX VIX CONSUL ERUDITI COTIDIEQUE AT ID CAUSAE', 16)
insert into UtensilOwnership values (141, 41, 'ERCIPITUR IUS EX QUOT MALORUM IN VIS ALTERUM TORQU', 29)
insert into UtensilOwnership values (142, 94, 'USU FASTIDII TRACTATOS EUVIX DISSENTIAS INSTRUCTIO', 14)
insert into UtensilOwnership values (143, 14, 'VEL EX ILLUM MALIS ABHORREANT NO NAM VIS CU MOLLI', 0)
insert into UtensilOwnership values (144, 70, 'POSSE UBIQUE EVERTI HAS TE BRUTE IPSUM DEBET QUIEV', 33)
insert into UtensilOwnership values (145, 62, 'NSECTETUER VIX ET IUSTO APERIAM MOLESTIAE TE USU U', 19)
insert into UtensilOwnership values (146, 84, 'SSE SIT EA VIM SENSERIT RATIONIBUS ADIPISCING EU V', 22)
insert into UtensilOwnership values (147, 69, 'PERICULA HIS EX MEI CU ACCUSAMUS REPRIMIQUEAT HAS', 20)
insert into UtensilOwnership values (148, 57, 'MIS MEA NE HIS DICUNT ERUDITI CONSULATU IN MUCIUS', 16)
insert into UtensilOwnership values (149, 18, 'AM UT TOTA FACETE IUS HIS EX MODO MAGNA AEQUE EI V', 38)
insert into UtensilOwnership values (150, 19, 'AN QUI ALTERA PROPRIAE NOMINAVI GLORIATUR EU CUM V', 25)
insert into UtensilOwnership values (151, 61, 'NS PROBATUS EI VEL OPORTERE CONSETETUR EU PRIMIS P', 17)
insert into UtensilOwnership values (152, 26, 'COMPREHENSAM EOS AT MALORUM PERCIPITUR DUO IGNOTA', 29)
insert into UtensilOwnership values (153, 100, 'X TIBIQUE FORENSIBUS DISPUTANDO IN HAS IUS VERITUS', 29)
insert into UtensilOwnership values (154, 57, 'MIS MEA NE HIS DICUNT ERUDITI CONSULATU IN MUCIUS', 25)
insert into UtensilOwnership values (155, 7, 'IN EST OFFENDIT POSTULANT THEOPHRASTUS EA PROMPTA', 36)
insert into UtensilOwnership values (156, 27, 'CTIOR TE EOSDUO TE DEBET PLACERAT MEI CONSUL RIDEN', 25)
insert into UtensilOwnership values (157, 85, 'STRO ERUDITI ANCILLAE TE EXERCI VIRTUTE DEFINITION', 19)
insert into UtensilOwnership values (158, 57, 'MIS MEA NE HIS DICUNT ERUDITI CONSULATU IN MUCIUS', 1)
insert into UtensilOwnership values (159, 65, 'ONCLUDATURQUE IN NAM ET POSTEA SANCTUS DOLORES IUS', 3)
insert into UtensilOwnership values (160, 52, 'L AN ADHUC ARGUMENTUMNO UTROQUE SCRIBENTUR EUM ET', 17)
insert into UtensilOwnership values (161, 98, 'VIX DOLOR NOMINAVI CU MEI REQUE ETIAM VIDISSE ID M', 32)
insert into UtensilOwnership values (162, 8, 'LABITUR OPORTERE SIT PRI CU VIDE IGNOTA OPORTERE', 30)
insert into UtensilOwnership values (163, 52, 'L AN ADHUC ARGUMENTUMNO UTROQUE SCRIBENTUR EUM ET', 0)
insert into UtensilOwnership values (164, 16, 'A SUSCIPIANTUR VELLOREM IPSUM DOLOR SIT AMET DUO N', 13)
insert into UtensilOwnership values (165, 82, 'SED ALBUCIUS ACCUSATA EXPETENDIS ID HIS ADMODUM HO', 22)
insert into UtensilOwnership values (166, 65, 'ONCLUDATURQUE IN NAM ET POSTEA SANCTUS DOLORES IUS', 35)
insert into UtensilOwnership values (167, 58, 'MUNDI PHAEDRUM USU DOMING ORNATUS ERRORIBUS EAM AD', 22)
insert into UtensilOwnership values (168, 56, 'MIDANS HIS DICAM PUTANT MALORUM NO PROPRIAE PERPET', 20)
insert into UtensilOwnership values (169, 68, 'OSTRUD SAPIENTEM CUM UT CIBO PUTENT DISCERE SEA EI', 16)
insert into UtensilOwnership values (170, 100, 'X TIBIQUE FORENSIBUS DISPUTANDO IN HAS IUS VERITUS', 38)
insert into UtensilOwnership values (171, 31, 'DESSET EA HAS SAPERET VOCIBUS ET IUS NE UTAMUR EUI', 12)
insert into UtensilOwnership values (172, 7, 'IN EST OFFENDIT POSTULANT THEOPHRASTUS EA PROMPTA', 26)
insert into UtensilOwnership values (173, 47, 'IN AFFERT COMPREHENSAM DUO DUIS AETERNO FIERENT AN', 6)
insert into UtensilOwnership values (174, 49, 'ITR NOSTER ET NE NAM PAULO EPICURI PERTINAX VIX CA', 11)
insert into UtensilOwnership values (175, 22, 'ASE EVERTI IMPEDIT EI SIT NE SAEPE NONUMES VOLUTPA', 21)
insert into UtensilOwnership values (176, 8, 'LABITUR OPORTERE SIT PRI CU VIDE IGNOTA OPORTERE', 20)
insert into UtensilOwnership values (177, 24, 'ATIONIBUS IN VEL NE IUS BONORUM VOCIBUS FACILIS PE', 28)
insert into UtensilOwnership values (178, 16, 'A SUSCIPIANTUR VELLOREM IPSUM DOLOR SIT AMET DUO N', 35)
insert into UtensilOwnership values (179, 45, 'I ERANT QUODSI SEA TE SONET DETRACTO NAM USU SAEPE', 20)
insert into UtensilOwnership values (180, 46, 'IM EI AETERNO REFORMIDANS DUO NE USU TE INANI EVER', 23)
insert into UtensilOwnership values (181, 2, 'ANIMAL VIDERER HONESTATIS USU MUTAT PLACERAT LIBE', 1)
insert into UtensilOwnership values (182, 39, 'ELOQUENTIAM QUO EU HIS DICIT DOLORES CONSETETURVIS', 35)
insert into UtensilOwnership values (183, 82, 'SED ALBUCIUS ACCUSATA EXPETENDIS ID HIS ADMODUM HO', 16)
insert into UtensilOwnership values (184, 21, 'AS NO AN GRAECI THEOPHRASTUS IUS SOLUTA MELIUS CON', 28)
insert into UtensilOwnership values (185, 92, 'UMSAN PARTIENDOQUANDO SCAEVOLA DEFINITIONEM PER AD', 38)
insert into UtensilOwnership values (186, 3, 'EAM SIMUL VOLUPTATUM EUM POSTEA DOCTUS NO NOBIS P', 19)
insert into UtensilOwnership values (187, 51, 'IUS SONET APPAREAT NO EUM AUTEM MEDIOCREM DESERUIS', 29)
insert into UtensilOwnership values (188, 97, 'VIS TE MEDIOCREM ADVERSARIUM ATQUI QUALISQUE VIS E', 29)
insert into UtensilOwnership values (189, 100, 'X TIBIQUE FORENSIBUS DISPUTANDO IN HAS IUS VERITUS', 27)
insert into UtensilOwnership values (190, 2, 'ANIMAL VIDERER HONESTATIS USU MUTAT PLACERAT LIBE', 37)
insert into UtensilOwnership values (191, 66, 'ONESTATIS HIS PERICULA DISSENTIUNT NE ET PROMPTA Q', 15)
insert into UtensilOwnership values (192, 28, 'D FASTIDII LUCILIUS PERSECUTI EU USU HAS IN VERI A', 12)
insert into UtensilOwnership values (193, 97, 'VIS TE MEDIOCREM ADVERSARIUM ATQUI QUALISQUE VIS E', 17)
insert into UtensilOwnership values (194, 59, 'N QUO ET EUISMOD SPLENDIDE HIS AT SALE EXERCI PERS', 39)
insert into UtensilOwnership values (195, 78, 'S CONSTITUTO EAZRIL CONSETETUR EST NE SED ELIT ELI', 25)
insert into UtensilOwnership values (196, 33, 'DISPUTANDO DISSENTIET NO MEA DOCENDI COTIDIEQUE VI', 39)
insert into UtensilOwnership values (197, 43, 'EST EX TOTA MOLESTIAE SIT NE MELIUS DELENIT MALIS', 13)
insert into UtensilOwnership values (198, 98, 'VIX DOLOR NOMINAVI CU MEI REQUE ETIAM VIDISSE ID M', 28)
insert into UtensilOwnership values (199, 89, 'TUA EX SED EI CUM IPSUM ORATIO EIRMOD PRO AD DIAM', 10)
insert into UtensilOwnership values (200, 98, 'VIX DOLOR NOMINAVI CU MEI REQUE ETIAM VIDISSE ID M', 25)
insert into UtensilOwnership values (201, 26, 'COMPREHENSAM EOS AT MALORUM PERCIPITUR DUO IGNOTA', 40)
insert into UtensilOwnership values (202, 14, 'VEL EX ILLUM MALIS ABHORREANT NO NAM VIS CU MOLLI', 0)
insert into UtensilOwnership values (203, 90, 'UATOS CU MEIVIS UT IRIURE MAIESTATIS EX UNUM IRACU', 0)
insert into UtensilOwnership values (204, 18, 'AM UT TOTA FACETE IUS HIS EX MODO MAGNA AEQUE EI V', 0)
insert into UtensilOwnership values (205, 89, 'TUA EX SED EI CUM IPSUM ORATIO EIRMOD PRO AD DIAM', 13)
insert into UtensilOwnership values (206, 55, 'MEA HOMERO SALUTANDI EU ET ELITR PONDERUM SEA UT P', 32)
insert into UtensilOwnership values (207, 79, 'S EOS DICAM MUCIUS ELEIFEND EI TE SED RIDENS ALIEN', 23)
insert into UtensilOwnership values (208, 52, 'L AN ADHUC ARGUMENTUMNO UTROQUE SCRIBENTUR EUM ET', 18)
insert into UtensilOwnership values (209, 36, 'E EUISMOD VIVENDO EI ESSENT TAMQUAM TE DUO IN QUO', 3)
insert into UtensilOwnership values (210, 100, 'X TIBIQUE FORENSIBUS DISPUTANDO IN HAS IUS VERITUS', 16)
insert into UtensilOwnership values (211, 4, 'FABULAS ERREM DISSENTIAS CONCLUDATURQUE ID HAS VI', 38)
insert into UtensilOwnership values (212, 70, 'POSSE UBIQUE EVERTI HAS TE BRUTE IPSUM DEBET QUIEV', 24)
insert into UtensilOwnership values (213, 13, 'SPLENDIDE REPRIMIQUE MEA NOID SONET EQUIDEM INERM', 21)
insert into UtensilOwnership values (214, 20, 'APEIRIAN ATQUI CIVIBUS PERCIPIT IN PRI EAM DICTA D', 20)
insert into UtensilOwnership values (215, 50, 'ITUREUM NISL RIDENS VOCENT UT EI MEL FACETE ALBUCI', 16)
insert into UtensilOwnership values (216, 59, 'N QUO ET EUISMOD SPLENDIDE HIS AT SALE EXERCI PERS', 37)
insert into UtensilOwnership values (217, 27, 'CTIOR TE EOSDUO TE DEBET PLACERAT MEI CONSUL RIDEN', 14)
insert into UtensilOwnership values (218, 32, 'DICABIT AD VIMHIS ASSUM ADVERSARIUM EA TE MINIM NO', 12)
insert into UtensilOwnership values (219, 25, 'BUSQUEM NOLUISSE DESERUNT CUM EU PRO VERI AUTEM ER', 16)
insert into UtensilOwnership values (220, 79, 'S EOS DICAM MUCIUS ELEIFEND EI TE SED RIDENS ALIEN', 2)
insert into UtensilOwnership values (221, 14, 'VEL EX ILLUM MALIS ABHORREANT NO NAM VIS CU MOLLI', 5)
insert into UtensilOwnership values (222, 62, 'NSECTETUER VIX ET IUSTO APERIAM MOLESTIAE TE USU U', 33)
insert into UtensilOwnership values (223, 56, 'MIDANS HIS DICAM PUTANT MALORUM NO PROPRIAE PERPET', 33)
insert into UtensilOwnership values (224, 66, 'ONESTATIS HIS PERICULA DISSENTIUNT NE ET PROMPTA Q', 19)
insert into UtensilOwnership values (225, 35, 'E COMPLECTITUR PRO AN ALIA NEMORE PER NO IUS SUMO', 22)
insert into UtensilOwnership values (226, 3, 'EAM SIMUL VOLUPTATUM EUM POSTEA DOCTUS NO NOBIS P', 40)
insert into UtensilOwnership values (227, 10, 'PER TE AT NULLA QUAEQUE EAMEA IRIURE CONSEQUAT ME', 8)
insert into UtensilOwnership values (228, 88, 'TE MEA NATUM MELIORE DESERUNT QUI EI AUTEM PERCIPI', 7)
insert into UtensilOwnership values (229, 72, 'PRAESENT IUDICO VOLUMUS PERSEQUERIS ID HAS MEA NOS', 26)
insert into UtensilOwnership values (230, 90, 'UATOS CU MEIVIS UT IRIURE MAIESTATIS EX UNUM IRACU', 22)
insert into UtensilOwnership values (231, 66, 'ONESTATIS HIS PERICULA DISSENTIUNT NE ET PROMPTA Q', 6)
insert into UtensilOwnership values (232, 26, 'COMPREHENSAM EOS AT MALORUM PERCIPITUR DUO IGNOTA', 40)
insert into UtensilOwnership values (233, 27, 'CTIOR TE EOSDUO TE DEBET PLACERAT MEI CONSUL RIDEN', 25)
insert into UtensilOwnership values (234, 48, 'IS TIMEAM VIDISSE DELICATA MODERATIUS AN HIS SEA I', 36)
insert into UtensilOwnership values (235, 20, 'APEIRIAN ATQUI CIVIBUS PERCIPIT IN PRI EAM DICTA D', 23)
insert into UtensilOwnership values (236, 89, 'TUA EX SED EI CUM IPSUM ORATIO EIRMOD PRO AD DIAM', 1)
insert into UtensilOwnership values (237, 50, 'ITUREUM NISL RIDENS VOCENT UT EI MEL FACETE ALBUCI', 35)
insert into UtensilOwnership values (238, 64, 'NUM QUANDO NOMINATI CU HAS QUI UT QUODSI NECESSITA', 16)
insert into UtensilOwnership values (239, 32, 'DICABIT AD VIMHIS ASSUM ADVERSARIUM EA TE MINIM NO', 15)
insert into UtensilOwnership values (240, 37, 'E VIS OMITTAM PERICULIS NE SEA ADIPISCI VOLUPTATIB', 6)
insert into UtensilOwnership values (241, 25, 'BUSQUEM NOLUISSE DESERUNT CUM EU PRO VERI AUTEM ER', 37)
insert into UtensilOwnership values (242, 100, 'X TIBIQUE FORENSIBUS DISPUTANDO IN HAS IUS VERITUS', 11)
insert into UtensilOwnership values (243, 62, 'NSECTETUER VIX ET IUSTO APERIAM MOLESTIAE TE USU U', 26)
insert into UtensilOwnership values (244, 1, 'ALII OMNIUM OPTION EUM IN NE ASSUM DOCTUS PRO VEL', 11)
insert into UtensilOwnership values (245, 99, 'VIX TATION TIMEAM NE DELENITI PONDERUM HENDRERIT M', 40)
insert into UtensilOwnership values (246, 97, 'VIS TE MEDIOCREM ADVERSARIUM ATQUI QUALISQUE VIS E', 31)
insert into UtensilOwnership values (247, 16, 'A SUSCIPIANTUR VELLOREM IPSUM DOLOR SIT AMET DUO N', 32)
insert into UtensilOwnership values (248, 78, 'S CONSTITUTO EAZRIL CONSETETUR EST NE SED ELIT ELI', 38)
insert into UtensilOwnership values (249, 10, 'PER TE AT NULLA QUAEQUE EAMEA IRIURE CONSEQUAT ME', 23)
insert into UtensilOwnership values (250, 20, 'APEIRIAN ATQUI CIVIBUS PERCIPIT IN PRI EAM DICTA D', 28)
insert into UtensilOwnership values (251, 7, 'IN EST OFFENDIT POSTULANT THEOPHRASTUS EA PROMPTA', 25)
insert into UtensilOwnership values (252, 12, 'SCRIPTA ORNATUS IUS AD IUS OPTION OFFENDIT REFORM', 1)
insert into UtensilOwnership values (253, 74, 'RE QUIDAM INERMISNE PRO GRAECI DELECTUS VOLUTPAT E', 12)
insert into UtensilOwnership values (254, 11, 'PRIMA ID HAS AD EUM MANDAMUS RECTEQUE AN SEA ACCU', 8)
insert into UtensilOwnership values (255, 84, 'SSE SIT EA VIM SENSERIT RATIONIBUS ADIPISCING EU V', 19)
insert into UtensilOwnership values (256, 65, 'ONCLUDATURQUE IN NAM ET POSTEA SANCTUS DOLORES IUS', 6)
insert into UtensilOwnership values (257, 58, 'MUNDI PHAEDRUM USU DOMING ORNATUS ERRORIBUS EAM AD', 7)
insert into UtensilOwnership values (258, 25, 'BUSQUEM NOLUISSE DESERUNT CUM EU PRO VERI AUTEM ER', 21)
insert into UtensilOwnership values (259, 84, 'SSE SIT EA VIM SENSERIT RATIONIBUS ADIPISCING EU V', 18)
insert into UtensilOwnership values (260, 86, 'T PRIMIS PRODESSET IUS SIT EROS SAEPE GRAECIS EX F', 13)
insert into UtensilOwnership values (261, 45, 'I ERANT QUODSI SEA TE SONET DETRACTO NAM USU SAEPE', 23)
insert into UtensilOwnership values (262, 91, 'UERIS HABEO OMNESQUE HIS CUET MEA VERI SAEPE ALIEN', 15)
insert into UtensilOwnership values (263, 81, 'S LOBORTIS REFERRENTUR CUM EU INANI HOMERO INSTRUC', 32)
insert into UtensilOwnership values (264, 47, 'IN AFFERT COMPREHENSAM DUO DUIS AETERNO FIERENT AN', 22)
insert into UtensilOwnership values (265, 35, 'E COMPLECTITUR PRO AN ALIA NEMORE PER NO IUS SUMO', 9)
insert into UtensilOwnership values (266, 78, 'S CONSTITUTO EAZRIL CONSETETUR EST NE SED ELIT ELI', 38)
insert into UtensilOwnership values (267, 43, 'EST EX TOTA MOLESTIAE SIT NE MELIUS DELENIT MALIS', 40)
insert into UtensilOwnership values (268, 65, 'ONCLUDATURQUE IN NAM ET POSTEA SANCTUS DOLORES IUS', 25)
insert into UtensilOwnership values (269, 100, 'X TIBIQUE FORENSIBUS DISPUTANDO IN HAS IUS VERITUS', 37)
insert into UtensilOwnership values (270, 61, 'NS PROBATUS EI VEL OPORTERE CONSETETUR EU PRIMIS P', 14)
insert into UtensilOwnership values (271, 9, 'OBLIQUE VOLUPTATIBUSID NEC DUIS ILLUM VITAE ALIA', 1)
insert into UtensilOwnership values (272, 63, 'NUM CONTENTIONES EX NAM AT ANIMAL ABHORREANT HIS E', 39)
insert into UtensilOwnership values (273, 100, 'X TIBIQUE FORENSIBUS DISPUTANDO IN HAS IUS VERITUS', 38)
insert into UtensilOwnership values (274, 88, 'TE MEA NATUM MELIORE DESERUNT QUI EI AUTEM PERCIPI', 9)
insert into UtensilOwnership values (275, 54, 'M SEA ID MENTITUM INVIDUNT NAM EI ET ALII NONUMY C', 5)
insert into UtensilOwnership values (276, 14, 'VEL EX ILLUM MALIS ABHORREANT NO NAM VIS CU MOLLI', 35)
insert into UtensilOwnership values (277, 1, 'ALII OMNIUM OPTION EUM IN NE ASSUM DOCTUS PRO VEL', 7)
insert into UtensilOwnership values (278, 56, 'MIDANS HIS DICAM PUTANT MALORUM NO PROPRIAE PERPET', 22)
insert into UtensilOwnership values (279, 68, 'OSTRUD SAPIENTEM CUM UT CIBO PUTENT DISCERE SEA EI', 20)
insert into UtensilOwnership values (280, 38, 'EI COMMUNE CONSTITUTO EOS AT MEIS REBUM ET EUM UT', 32)
insert into UtensilOwnership values (281, 87, 'T ZRIL PERCIPITUR HAS EA QUO DOLORES MENTITUM CUM', 8)
insert into UtensilOwnership values (282, 33, 'DISPUTANDO DISSENTIET NO MEA DOCENDI COTIDIEQUE VI', 11)
insert into UtensilOwnership values (283, 79, 'S EOS DICAM MUCIUS ELEIFEND EI TE SED RIDENS ALIEN', 24)
insert into UtensilOwnership values (284, 52, 'L AN ADHUC ARGUMENTUMNO UTROQUE SCRIBENTUR EUM ET', 38)
insert into UtensilOwnership values (285, 83, 'SEQUERIS VIM ET GRAECIS SINGULIS EAM TE PERICULA E', 37)
insert into UtensilOwnership values (286, 55, 'MEA HOMERO SALUTANDI EU ET ELITR PONDERUM SEA UT P', 5)
insert into UtensilOwnership values (287, 53, 'M INTEGRE CU TIBIQUE LUPTATUM VOLUPTARIA NAM EU UT', 28)
insert into UtensilOwnership values (288, 17, 'AEVOLA CONTENTIONES CU ID QUI CORPORA THEOPHRASTUS', 16)
insert into UtensilOwnership values (289, 64, 'NUM QUANDO NOMINATI CU HAS QUI UT QUODSI NECESSITA', 16)
insert into UtensilOwnership values (290, 56, 'MIDANS HIS DICAM PUTANT MALORUM NO PROPRIAE PERPET', 17)
insert into UtensilOwnership values (291, 32, 'DICABIT AD VIMHIS ASSUM ADVERSARIUM EA TE MINIM NO', 34)
insert into UtensilOwnership values (292, 25, 'BUSQUEM NOLUISSE DESERUNT CUM EU PRO VERI AUTEM ER', 14)
insert into UtensilOwnership values (293, 81, 'S LOBORTIS REFERRENTUR CUM EU INANI HOMERO INSTRUC', 38)
insert into UtensilOwnership values (294, 47, 'IN AFFERT COMPREHENSAM DUO DUIS AETERNO FIERENT AN', 2)
insert into UtensilOwnership values (295, 93, 'UO VIS DOLORE PLATONEM UT NO DICAT TATION NOSTRUD', 24)
insert into UtensilOwnership values (296, 34, 'DIT AD MEA ERIPUIT PLATONEM EAM DICAM ANTIOPAM AN', 22)
insert into UtensilOwnership values (297, 20, 'APEIRIAN ATQUI CIVIBUS PERCIPIT IN PRI EAM DICTA D', 19)
insert into UtensilOwnership values (298, 16, 'A SUSCIPIANTUR VELLOREM IPSUM DOLOR SIT AMET DUO N', 3)
insert into UtensilOwnership values (299, 67, 'OR DELICATISSIMI UT PRI ID SONET ALTERA SAPERET ET', 1)
insert into UtensilOwnership values (300, 21, 'AS NO AN GRAECI THEOPHRASTUS IUS SOLUTA MELIUS CON', 1)
insert into UtensilOwnership values (301, 54, 'M SEA ID MENTITUM INVIDUNT NAM EI ET ALII NONUMY C', 31)
insert into UtensilOwnership values (302, 51, 'IUS SONET APPAREAT NO EUM AUTEM MEDIOCREM DESERUIS', 6)
insert into UtensilOwnership values (303, 78, 'S CONSTITUTO EAZRIL CONSETETUR EST NE SED ELIT ELI', 0)
insert into UtensilOwnership values (304, 49, 'ITR NOSTER ET NE NAM PAULO EPICURI PERTINAX VIX CA', 9)
insert into UtensilOwnership values (305, 11, 'PRIMA ID HAS AD EUM MANDAMUS RECTEQUE AN SEA ACCU', 27)
insert into UtensilOwnership values (306, 44, 'FABULAS NOSTRUM DISSENTIAS EX NEC QUO COMMODO PROD', 27)
insert into UtensilOwnership values (307, 12, 'SCRIPTA ORNATUS IUS AD IUS OPTION OFFENDIT REFORM', 3)
insert into UtensilOwnership values (308, 86, 'T PRIMIS PRODESSET IUS SIT EROS SAEPE GRAECIS EX F', 2)
insert into UtensilOwnership values (309, 57, 'MIS MEA NE HIS DICUNT ERUDITI CONSULATU IN MUCIUS', 2)
insert into UtensilOwnership values (310, 71, 'POSTEA DETRAXIT EA EAM ALII SCAEVOLA VOLUPTATIBUS', 25)
insert into UtensilOwnership values (311, 65, 'ONCLUDATURQUE IN NAM ET POSTEA SANCTUS DOLORES IUS', 40)
insert into UtensilOwnership values (312, 2, 'ANIMAL VIDERER HONESTATIS USU MUTAT PLACERAT LIBE', 26)
insert into UtensilOwnership values (313, 57, 'MIS MEA NE HIS DICUNT ERUDITI CONSULATU IN MUCIUS', 1)
insert into UtensilOwnership values (314, 46, 'IM EI AETERNO REFORMIDANS DUO NE USU TE INANI EVER', 27)
insert into UtensilOwnership values (315, 100, 'X TIBIQUE FORENSIBUS DISPUTANDO IN HAS IUS VERITUS', 4)
insert into UtensilOwnership values (316, 13, 'SPLENDIDE REPRIMIQUE MEA NOID SONET EQUIDEM INERM', 11)
insert into UtensilOwnership values (317, 13, 'SPLENDIDE REPRIMIQUE MEA NOID SONET EQUIDEM INERM', 31)
insert into UtensilOwnership values (318, 29, 'D POSTULANT SALUTATUS QUI NE VIM UT FIERENT ULLAMC', 34)
insert into UtensilOwnership values (319, 64, 'NUM QUANDO NOMINATI CU HAS QUI UT QUODSI NECESSITA', 25)
insert into UtensilOwnership values (320, 80, 'S EU ILLUD MODERATIUS CU ILLUM MALIS QUI CONSUL RA', 4)
insert into UtensilOwnership values (321, 26, 'COMPREHENSAM EOS AT MALORUM PERCIPITUR DUO IGNOTA', 10)
insert into UtensilOwnership values (322, 27, 'CTIOR TE EOSDUO TE DEBET PLACERAT MEI CONSUL RIDEN', 24)
insert into UtensilOwnership values (323, 2, 'ANIMAL VIDERER HONESTATIS USU MUTAT PLACERAT LIBE', 9)
insert into UtensilOwnership values (324, 45, 'I ERANT QUODSI SEA TE SONET DETRACTO NAM USU SAEPE', 20)
insert into UtensilOwnership values (325, 30, 'DEFINITIONES ANESSENT SALUTATUS NAM EU IN MOVET TI', 20)
insert into UtensilOwnership values (326, 84, 'SSE SIT EA VIM SENSERIT RATIONIBUS ADIPISCING EU V', 28)
insert into UtensilOwnership values (327, 83, 'SEQUERIS VIM ET GRAECIS SINGULIS EAM TE PERICULA E', 0)
insert into UtensilOwnership values (328, 54, 'M SEA ID MENTITUM INVIDUNT NAM EI ET ALII NONUMY C', 35)
insert into UtensilOwnership values (329, 96, 'VERTI HENDRERIT ACCOMMODARE MEL AD EI PRO QUIDAM P', 26)
insert into UtensilOwnership values (330, 21, 'AS NO AN GRAECI THEOPHRASTUS IUS SOLUTA MELIUS CON', 24)
insert into UtensilOwnership values (331, 95, 'VENDUM EUM IN CIBO NATUM TORQUATOS QUO AUGUE PERIC', 15)
insert into UtensilOwnership values (332, 86, 'T PRIMIS PRODESSET IUS SIT EROS SAEPE GRAECIS EX F', 3)
insert into UtensilOwnership values (333, 90, 'UATOS CU MEIVIS UT IRIURE MAIESTATIS EX UNUM IRACU', 21)
insert into UtensilOwnership values (334, 47, 'IN AFFERT COMPREHENSAM DUO DUIS AETERNO FIERENT AN', 18)
insert into UtensilOwnership values (335, 85, 'STRO ERUDITI ANCILLAE TE EXERCI VIRTUTE DEFINITION', 0)
insert into UtensilOwnership values (336, 36, 'E EUISMOD VIVENDO EI ESSENT TAMQUAM TE DUO IN QUO', 2)
insert into UtensilOwnership values (337, 56, 'MIDANS HIS DICAM PUTANT MALORUM NO PROPRIAE PERPET', 10)
insert into UtensilOwnership values (338, 31, 'DESSET EA HAS SAPERET VOCIBUS ET IUS NE UTAMUR EUI', 15)
insert into UtensilOwnership values (339, 42, 'ERFECTO IN MALIS PUTENT BONORUM CUM ID AT DICAM NO', 11)
insert into UtensilOwnership values (340, 40, 'ERANT PERSECUTI MEL ET QUO EU GRAECE DELENITI SED', 10)
insert into UtensilOwnership values (341, 43, 'EST EX TOTA MOLESTIAE SIT NE MELIUS DELENIT MALIS', 1)
insert into UtensilOwnership values (342, 67, 'OR DELICATISSIMI UT PRI ID SONET ALTERA SAPERET ET', 26)
insert into UtensilOwnership values (343, 61, 'NS PROBATUS EI VEL OPORTERE CONSETETUR EU PRIMIS P', 14)
insert into UtensilOwnership values (344, 94, 'USU FASTIDII TRACTATOS EUVIX DISSENTIAS INSTRUCTIO', 31)
insert into UtensilOwnership values (345, 92, 'UMSAN PARTIENDOQUANDO SCAEVOLA DEFINITIONEM PER AD', 17)
insert into UtensilOwnership values (346, 30, 'DEFINITIONES ANESSENT SALUTATUS NAM EU IN MOVET TI', 8)
insert into UtensilOwnership values (347, 69, 'PERICULA HIS EX MEI CU ACCUSAMUS REPRIMIQUEAT HAS', 12)
insert into UtensilOwnership values (348, 35, 'E COMPLECTITUR PRO AN ALIA NEMORE PER NO IUS SUMO', 11)
insert into UtensilOwnership values (349, 47, 'IN AFFERT COMPREHENSAM DUO DUIS AETERNO FIERENT AN', 38)
insert into UtensilOwnership values (350, 80, 'S EU ILLUD MODERATIUS CU ILLUM MALIS QUI CONSUL RA', 12)
insert into UtensilOwnership values (351, 22, 'ASE EVERTI IMPEDIT EI SIT NE SAEPE NONUMES VOLUTPA', 32)
insert into UtensilOwnership values (352, 91, 'UERIS HABEO OMNESQUE HIS CUET MEA VERI SAEPE ALIEN', 26)
insert into UtensilOwnership values (353, 52, 'L AN ADHUC ARGUMENTUMNO UTROQUE SCRIBENTUR EUM ET', 19)
insert into UtensilOwnership values (354, 87, 'T ZRIL PERCIPITUR HAS EA QUO DOLORES MENTITUM CUM', 38)
insert into UtensilOwnership values (355, 95, 'VENDUM EUM IN CIBO NATUM TORQUATOS QUO AUGUE PERIC', 32)
insert into UtensilOwnership values (356, 28, 'D FASTIDII LUCILIUS PERSECUTI EU USU HAS IN VERI A', 7)
insert into UtensilOwnership values (357, 50, 'ITUREUM NISL RIDENS VOCENT UT EI MEL FACETE ALBUCI', 38)
insert into UtensilOwnership values (358, 33, 'DISPUTANDO DISSENTIET NO MEA DOCENDI COTIDIEQUE VI', 21)
insert into UtensilOwnership values (359, 19, 'AN QUI ALTERA PROPRIAE NOMINAVI GLORIATUR EU CUM V', 29)
insert into UtensilOwnership values (360, 27, 'CTIOR TE EOSDUO TE DEBET PLACERAT MEI CONSUL RIDEN', 39)
insert into UtensilOwnership values (361, 62, 'NSECTETUER VIX ET IUSTO APERIAM MOLESTIAE TE USU U', 27)
insert into UtensilOwnership values (362, 59, 'N QUO ET EUISMOD SPLENDIDE HIS AT SALE EXERCI PERS', 9)
insert into UtensilOwnership values (363, 91, 'UERIS HABEO OMNESQUE HIS CUET MEA VERI SAEPE ALIEN', 16)
insert into UtensilOwnership values (364, 37, 'E VIS OMITTAM PERICULIS NE SEA ADIPISCI VOLUPTATIB', 19)
insert into UtensilOwnership values (365, 76, 'RTI AD PRI MUTATTE NULLA PHAEDRUM EAM USU ALIA SCA', 10)
insert into UtensilOwnership values (366, 79, 'S EOS DICAM MUCIUS ELEIFEND EI TE SED RIDENS ALIEN', 36)
insert into UtensilOwnership values (367, 12, 'SCRIPTA ORNATUS IUS AD IUS OPTION OFFENDIT REFORM', 5)
insert into UtensilOwnership values (368, 11, 'PRIMA ID HAS AD EUM MANDAMUS RECTEQUE AN SEA ACCU', 23)
insert into UtensilOwnership values (369, 62, 'NSECTETUER VIX ET IUSTO APERIAM MOLESTIAE TE USU U', 26)
insert into UtensilOwnership values (370, 64, 'NUM QUANDO NOMINATI CU HAS QUI UT QUODSI NECESSITA', 1)
insert into UtensilOwnership values (371, 58, 'MUNDI PHAEDRUM USU DOMING ORNATUS ERRORIBUS EAM AD', 0)
insert into UtensilOwnership values (372, 82, 'SED ALBUCIUS ACCUSATA EXPETENDIS ID HIS ADMODUM HO', 15)
insert into UtensilOwnership values (373, 87, 'T ZRIL PERCIPITUR HAS EA QUO DOLORES MENTITUM CUM', 22)
insert into UtensilOwnership values (374, 24, 'ATIONIBUS IN VEL NE IUS BONORUM VOCIBUS FACILIS PE', 15)
insert into UtensilOwnership values (375, 38, 'EI COMMUNE CONSTITUTO EOS AT MEIS REBUM ET EUM UT', 2)
insert into UtensilOwnership values (376, 60, 'NE VOCENT HENDRERIT TE DUO SENSIBUS ELABORARET EST', 24)
insert into UtensilOwnership values (377, 67, 'OR DELICATISSIMI UT PRI ID SONET ALTERA SAPERET ET', 9)
insert into UtensilOwnership values (378, 9, 'OBLIQUE VOLUPTATIBUSID NEC DUIS ILLUM VITAE ALIA', 18)
insert into UtensilOwnership values (379, 54, 'M SEA ID MENTITUM INVIDUNT NAM EI ET ALII NONUMY C', 2)
insert into UtensilOwnership values (380, 100, 'X TIBIQUE FORENSIBUS DISPUTANDO IN HAS IUS VERITUS', 12)
insert into UtensilOwnership values (381, 16, 'A SUSCIPIANTUR VELLOREM IPSUM DOLOR SIT AMET DUO N', 15)
insert into UtensilOwnership values (382, 49, 'ITR NOSTER ET NE NAM PAULO EPICURI PERTINAX VIX CA', 29)
insert into UtensilOwnership values (383, 7, 'IN EST OFFENDIT POSTULANT THEOPHRASTUS EA PROMPTA', 38)
insert into UtensilOwnership values (384, 16, 'A SUSCIPIANTUR VELLOREM IPSUM DOLOR SIT AMET DUO N', 14)
insert into UtensilOwnership values (385, 99, 'VIX TATION TIMEAM NE DELENITI PONDERUM HENDRERIT M', 33)
insert into UtensilOwnership values (386, 4, 'FABULAS ERREM DISSENTIAS CONCLUDATURQUE ID HAS VI', 30)
insert into UtensilOwnership values (387, 34, 'DIT AD MEA ERIPUIT PLATONEM EAM DICAM ANTIOPAM AN', 25)
insert into UtensilOwnership values (388, 4, 'FABULAS ERREM DISSENTIAS CONCLUDATURQUE ID HAS VI', 24)
insert into UtensilOwnership values (389, 52, 'L AN ADHUC ARGUMENTUMNO UTROQUE SCRIBENTUR EUM ET', 26)
insert into UtensilOwnership values (390, 58, 'MUNDI PHAEDRUM USU DOMING ORNATUS ERRORIBUS EAM AD', 33)
insert into UtensilOwnership values (391, 86, 'T PRIMIS PRODESSET IUS SIT EROS SAEPE GRAECIS EX F', 5)
insert into UtensilOwnership values (392, 23, 'AT HAS ET MODUS EURIPIDIS EFFICIENDI WISI MEIS OCU', 30)
insert into UtensilOwnership values (393, 12, 'SCRIPTA ORNATUS IUS AD IUS OPTION OFFENDIT REFORM', 27)
insert into UtensilOwnership values (394, 16, 'A SUSCIPIANTUR VELLOREM IPSUM DOLOR SIT AMET DUO N', 13)
insert into UtensilOwnership values (395, 78, 'S CONSTITUTO EAZRIL CONSETETUR EST NE SED ELIT ELI', 23)
insert into UtensilOwnership values (396, 84, 'SSE SIT EA VIM SENSERIT RATIONIBUS ADIPISCING EU V', 33)
insert into UtensilOwnership values (397, 76, 'RTI AD PRI MUTATTE NULLA PHAEDRUM EAM USU ALIA SCA', 9)
insert into UtensilOwnership values (398, 25, 'BUSQUEM NOLUISSE DESERUNT CUM EU PRO VERI AUTEM ER', 36)
insert into UtensilOwnership values (399, 18, 'AM UT TOTA FACETE IUS HIS EX MODO MAGNA AEQUE EI V', 21)
insert into UtensilOwnership values (400, 13, 'SPLENDIDE REPRIMIQUE MEA NOID SONET EQUIDEM INERM', 22)
insert into UtensilOwnership values (401, 18, 'AM UT TOTA FACETE IUS HIS EX MODO MAGNA AEQUE EI V', 3)
insert into UtensilOwnership values (402, 58, 'MUNDI PHAEDRUM USU DOMING ORNATUS ERRORIBUS EAM AD', 30)
insert into UtensilOwnership values (403, 73, 'QUAERENDUM COMPLECTITUR VIM ET CUM NOSTRUD PERSEQU', 25)
insert into UtensilOwnership values (404, 83, 'SEQUERIS VIM ET GRAECIS SINGULIS EAM TE PERICULA E', 36)
insert into UtensilOwnership values (405, 23, 'AT HAS ET MODUS EURIPIDIS EFFICIENDI WISI MEIS OCU', 11)
insert into UtensilOwnership values (406, 41, 'ERCIPITUR IUS EX QUOT MALORUM IN VIS ALTERUM TORQU', 16)
insert into UtensilOwnership values (407, 5, 'FALLI PROMPTA PERCIPITUR NE SED EI EOS LABORE VIV', 3)
insert into UtensilOwnership values (408, 29, 'D POSTULANT SALUTATUS QUI NE VIM UT FIERENT ULLAMC', 3)
insert into UtensilOwnership values (409, 49, 'ITR NOSTER ET NE NAM PAULO EPICURI PERTINAX VIX CA', 35)
insert into UtensilOwnership values (410, 36, 'E EUISMOD VIVENDO EI ESSENT TAMQUAM TE DUO IN QUO', 8)
insert into UtensilOwnership values (411, 61, 'NS PROBATUS EI VEL OPORTERE CONSETETUR EU PRIMIS P', 39)
insert into UtensilOwnership values (412, 42, 'ERFECTO IN MALIS PUTENT BONORUM CUM ID AT DICAM NO', 19)
insert into UtensilOwnership values (413, 80, 'S EU ILLUD MODERATIUS CU ILLUM MALIS QUI CONSUL RA', 19)
insert into UtensilOwnership values (414, 20, 'APEIRIAN ATQUI CIVIBUS PERCIPIT IN PRI EAM DICTA D', 17)
insert into UtensilOwnership values (415, 11, 'PRIMA ID HAS AD EUM MANDAMUS RECTEQUE AN SEA ACCU', 24)
insert into UtensilOwnership values (416, 14, 'VEL EX ILLUM MALIS ABHORREANT NO NAM VIS CU MOLLI', 38)
insert into UtensilOwnership values (417, 53, 'M INTEGRE CU TIBIQUE LUPTATUM VOLUPTARIA NAM EU UT', 11)
insert into UtensilOwnership values (418, 76, 'RTI AD PRI MUTATTE NULLA PHAEDRUM EAM USU ALIA SCA', 2)
insert into UtensilOwnership values (419, 38, 'EI COMMUNE CONSTITUTO EOS AT MEIS REBUM ET EUM UT', 27)
insert into UtensilOwnership values (420, 73, 'QUAERENDUM COMPLECTITUR VIM ET CUM NOSTRUD PERSEQU', 21)
insert into UtensilOwnership values (421, 46, 'IM EI AETERNO REFORMIDANS DUO NE USU TE INANI EVER', 10)
insert into UtensilOwnership values (422, 9, 'OBLIQUE VOLUPTATIBUSID NEC DUIS ILLUM VITAE ALIA', 22)
insert into UtensilOwnership values (423, 59, 'N QUO ET EUISMOD SPLENDIDE HIS AT SALE EXERCI PERS', 38)
insert into UtensilOwnership values (424, 5, 'FALLI PROMPTA PERCIPITUR NE SED EI EOS LABORE VIV', 34)
insert into UtensilOwnership values (425, 78, 'S CONSTITUTO EAZRIL CONSETETUR EST NE SED ELIT ELI', 37)
insert into UtensilOwnership values (426, 35, 'E COMPLECTITUR PRO AN ALIA NEMORE PER NO IUS SUMO', 11)
insert into UtensilOwnership values (427, 70, 'POSSE UBIQUE EVERTI HAS TE BRUTE IPSUM DEBET QUIEV', 29)
insert into UtensilOwnership values (428, 71, 'POSTEA DETRAXIT EA EAM ALII SCAEVOLA VOLUPTATIBUS', 9)
insert into UtensilOwnership values (429, 47, 'IN AFFERT COMPREHENSAM DUO DUIS AETERNO FIERENT AN', 32)
insert into UtensilOwnership values (430, 55, 'MEA HOMERO SALUTANDI EU ET ELITR PONDERUM SEA UT P', 10)
insert into UtensilOwnership values (431, 84, 'SSE SIT EA VIM SENSERIT RATIONIBUS ADIPISCING EU V', 15)
insert into UtensilOwnership values (432, 43, 'EST EX TOTA MOLESTIAE SIT NE MELIUS DELENIT MALIS', 14)
insert into UtensilOwnership values (433, 91, 'UERIS HABEO OMNESQUE HIS CUET MEA VERI SAEPE ALIEN', 37)
insert into UtensilOwnership values (434, 41, 'ERCIPITUR IUS EX QUOT MALORUM IN VIS ALTERUM TORQU', 20)
insert into UtensilOwnership values (435, 82, 'SED ALBUCIUS ACCUSATA EXPETENDIS ID HIS ADMODUM HO', 8)
insert into UtensilOwnership values (436, 59, 'N QUO ET EUISMOD SPLENDIDE HIS AT SALE EXERCI PERS', 26)
insert into UtensilOwnership values (437, 76, 'RTI AD PRI MUTATTE NULLA PHAEDRUM EAM USU ALIA SCA', 3)
insert into UtensilOwnership values (438, 24, 'ATIONIBUS IN VEL NE IUS BONORUM VOCIBUS FACILIS PE', 1)
insert into UtensilOwnership values (439, 93, 'UO VIS DOLORE PLATONEM UT NO DICAT TATION NOSTRUD', 2)
insert into UtensilOwnership values (440, 59, 'N QUO ET EUISMOD SPLENDIDE HIS AT SALE EXERCI PERS', 16)
insert into UtensilOwnership values (441, 100, 'X TIBIQUE FORENSIBUS DISPUTANDO IN HAS IUS VERITUS', 26)
insert into UtensilOwnership values (442, 6, 'HIS NOMINATI PLATONEM VOLUPTARIA ID VISEA NATUM M', 21)
insert into UtensilOwnership values (443, 55, 'MEA HOMERO SALUTANDI EU ET ELITR PONDERUM SEA UT P', 29)
insert into UtensilOwnership values (444, 17, 'AEVOLA CONTENTIONES CU ID QUI CORPORA THEOPHRASTUS', 18)
insert into UtensilOwnership values (445, 97, 'VIS TE MEDIOCREM ADVERSARIUM ATQUI QUALISQUE VIS E', 35)
insert into UtensilOwnership values (446, 45, 'I ERANT QUODSI SEA TE SONET DETRACTO NAM USU SAEPE', 26)
insert into UtensilOwnership values (447, 44, 'FABULAS NOSTRUM DISSENTIAS EX NEC QUO COMMODO PROD', 11)
insert into UtensilOwnership values (448, 93, 'UO VIS DOLORE PLATONEM UT NO DICAT TATION NOSTRUD', 9)
insert into UtensilOwnership values (449, 6, 'HIS NOMINATI PLATONEM VOLUPTARIA ID VISEA NATUM M', 30)
insert into UtensilOwnership values (450, 65, 'ONCLUDATURQUE IN NAM ET POSTEA SANCTUS DOLORES IUS', 26)
insert into UtensilOwnership values (451, 31, 'DESSET EA HAS SAPERET VOCIBUS ET IUS NE UTAMUR EUI', 21)
insert into UtensilOwnership values (452, 100, 'X TIBIQUE FORENSIBUS DISPUTANDO IN HAS IUS VERITUS', 7)
insert into UtensilOwnership values (453, 87, 'T ZRIL PERCIPITUR HAS EA QUO DOLORES MENTITUM CUM', 8)
insert into UtensilOwnership values (454, 46, 'IM EI AETERNO REFORMIDANS DUO NE USU TE INANI EVER', 0)
insert into UtensilOwnership values (455, 67, 'OR DELICATISSIMI UT PRI ID SONET ALTERA SAPERET ET', 12)
insert into UtensilOwnership values (456, 10, 'PER TE AT NULLA QUAEQUE EAMEA IRIURE CONSEQUAT ME', 22)
insert into UtensilOwnership values (457, 100, 'X TIBIQUE FORENSIBUS DISPUTANDO IN HAS IUS VERITUS', 32)
insert into UtensilOwnership values (458, 69, 'PERICULA HIS EX MEI CU ACCUSAMUS REPRIMIQUEAT HAS', 32)
insert into UtensilOwnership values (459, 6, 'HIS NOMINATI PLATONEM VOLUPTARIA ID VISEA NATUM M', 40)
insert into UtensilOwnership values (460, 89, 'TUA EX SED EI CUM IPSUM ORATIO EIRMOD PRO AD DIAM', 0)
insert into UtensilOwnership values (461, 71, 'POSTEA DETRAXIT EA EAM ALII SCAEVOLA VOLUPTATIBUS', 28)
insert into UtensilOwnership values (462, 34, 'DIT AD MEA ERIPUIT PLATONEM EAM DICAM ANTIOPAM AN', 34)
insert into UtensilOwnership values (463, 82, 'SED ALBUCIUS ACCUSATA EXPETENDIS ID HIS ADMODUM HO', 12)
insert into UtensilOwnership values (464, 94, 'USU FASTIDII TRACTATOS EUVIX DISSENTIAS INSTRUCTIO', 24)
insert into UtensilOwnership values (465, 52, 'L AN ADHUC ARGUMENTUMNO UTROQUE SCRIBENTUR EUM ET', 33)
insert into UtensilOwnership values (466, 19, 'AN QUI ALTERA PROPRIAE NOMINAVI GLORIATUR EU CUM V', 24)
insert into UtensilOwnership values (467, 52, 'L AN ADHUC ARGUMENTUMNO UTROQUE SCRIBENTUR EUM ET', 23)
insert into UtensilOwnership values (468, 39, 'ELOQUENTIAM QUO EU HIS DICIT DOLORES CONSETETURVIS', 39)
insert into UtensilOwnership values (469, 38, 'EI COMMUNE CONSTITUTO EOS AT MEIS REBUM ET EUM UT', 8)
insert into UtensilOwnership values (470, 53, 'M INTEGRE CU TIBIQUE LUPTATUM VOLUPTARIA NAM EU UT', 38)
insert into UtensilOwnership values (471, 39, 'ELOQUENTIAM QUO EU HIS DICIT DOLORES CONSETETURVIS', 34)
insert into UtensilOwnership values (472, 30, 'DEFINITIONES ANESSENT SALUTATUS NAM EU IN MOVET TI', 10)
insert into UtensilOwnership values (473, 84, 'SSE SIT EA VIM SENSERIT RATIONIBUS ADIPISCING EU V', 40)
insert into UtensilOwnership values (474, 80, 'S EU ILLUD MODERATIUS CU ILLUM MALIS QUI CONSUL RA', 10)
insert into UtensilOwnership values (475, 73, 'QUAERENDUM COMPLECTITUR VIM ET CUM NOSTRUD PERSEQU', 35)
insert into UtensilOwnership values (476, 41, 'ERCIPITUR IUS EX QUOT MALORUM IN VIS ALTERUM TORQU', 30)
insert into UtensilOwnership values (477, 54, 'M SEA ID MENTITUM INVIDUNT NAM EI ET ALII NONUMY C', 33)
insert into UtensilOwnership values (478, 43, 'EST EX TOTA MOLESTIAE SIT NE MELIUS DELENIT MALIS', 19)
insert into UtensilOwnership values (479, 8, 'LABITUR OPORTERE SIT PRI CU VIDE IGNOTA OPORTERE', 39)
insert into UtensilOwnership values (480, 34, 'DIT AD MEA ERIPUIT PLATONEM EAM DICAM ANTIOPAM AN', 10)
insert into UtensilOwnership values (481, 92, 'UMSAN PARTIENDOQUANDO SCAEVOLA DEFINITIONEM PER AD', 0)
insert into UtensilOwnership values (482, 78, 'S CONSTITUTO EAZRIL CONSETETUR EST NE SED ELIT ELI', 19)
insert into UtensilOwnership values (483, 66, 'ONESTATIS HIS PERICULA DISSENTIUNT NE ET PROMPTA Q', 20)
insert into UtensilOwnership values (484, 83, 'SEQUERIS VIM ET GRAECIS SINGULIS EAM TE PERICULA E', 6)
insert into UtensilOwnership values (485, 24, 'ATIONIBUS IN VEL NE IUS BONORUM VOCIBUS FACILIS PE', 29)
insert into UtensilOwnership values (486, 84, 'SSE SIT EA VIM SENSERIT RATIONIBUS ADIPISCING EU V', 7)
insert into UtensilOwnership values (487, 56, 'MIDANS HIS DICAM PUTANT MALORUM NO PROPRIAE PERPET', 5)
insert into UtensilOwnership values (488, 46, 'IM EI AETERNO REFORMIDANS DUO NE USU TE INANI EVER', 37)
insert into UtensilOwnership values (489, 75, 'RREM EX VIX CONSUL ERUDITI COTIDIEQUE AT ID CAUSAE', 8)
insert into UtensilOwnership values (490, 73, 'QUAERENDUM COMPLECTITUR VIM ET CUM NOSTRUD PERSEQU', 27)
insert into UtensilOwnership values (491, 59, 'N QUO ET EUISMOD SPLENDIDE HIS AT SALE EXERCI PERS', 34)
insert into UtensilOwnership values (492, 7, 'IN EST OFFENDIT POSTULANT THEOPHRASTUS EA PROMPTA', 11)
insert into UtensilOwnership values (493, 19, 'AN QUI ALTERA PROPRIAE NOMINAVI GLORIATUR EU CUM V', 2)
insert into UtensilOwnership values (494, 5, 'FALLI PROMPTA PERCIPITUR NE SED EI EOS LABORE VIV', 1)
insert into UtensilOwnership values (495, 89, 'TUA EX SED EI CUM IPSUM ORATIO EIRMOD PRO AD DIAM', 29)
insert into UtensilOwnership values (496, 66, 'ONESTATIS HIS PERICULA DISSENTIUNT NE ET PROMPTA Q', 33)
insert into UtensilOwnership values (497, 24, 'ATIONIBUS IN VEL NE IUS BONORUM VOCIBUS FACILIS PE', 9)
insert into UtensilOwnership values (498, 61, 'NS PROBATUS EI VEL OPORTERE CONSETETUR EU PRIMIS P', 4)
insert into UtensilOwnership values (499, 65, 'ONCLUDATURQUE IN NAM ET POSTEA SANCTUS DOLORES IUS', 25)
insert into UtensilOwnership values (500, 79, 'S EOS DICAM MUCIUS ELEIFEND EI TE SED RIDENS ALIEN', 11)
insert into UtensilOwnership values (501, 94, 'USU FASTIDII TRACTATOS EUVIX DISSENTIAS INSTRUCTIO', 3)
insert into UtensilOwnership values (502, 5, 'FALLI PROMPTA PERCIPITUR NE SED EI EOS LABORE VIV', 12)
insert into UtensilOwnership values (503, 55, 'MEA HOMERO SALUTANDI EU ET ELITR PONDERUM SEA UT P', 1)
insert into UtensilOwnership values (504, 54, 'M SEA ID MENTITUM INVIDUNT NAM EI ET ALII NONUMY C', 32)
insert into UtensilOwnership values (505, 26, 'COMPREHENSAM EOS AT MALORUM PERCIPITUR DUO IGNOTA', 32)
insert into UtensilOwnership values (506, 2, 'ANIMAL VIDERER HONESTATIS USU MUTAT PLACERAT LIBE', 11)
insert into UtensilOwnership values (507, 17, 'AEVOLA CONTENTIONES CU ID QUI CORPORA THEOPHRASTUS', 8)
insert into UtensilOwnership values (508, 8, 'LABITUR OPORTERE SIT PRI CU VIDE IGNOTA OPORTERE', 39)
insert into UtensilOwnership values (509, 73, 'QUAERENDUM COMPLECTITUR VIM ET CUM NOSTRUD PERSEQU', 6)
insert into UtensilOwnership values (510, 27, 'CTIOR TE EOSDUO TE DEBET PLACERAT MEI CONSUL RIDEN', 23)
insert into UtensilOwnership values (511, 56, 'MIDANS HIS DICAM PUTANT MALORUM NO PROPRIAE PERPET', 30)
insert into UtensilOwnership values (512, 57, 'MIS MEA NE HIS DICUNT ERUDITI CONSULATU IN MUCIUS', 12)
insert into UtensilOwnership values (513, 62, 'NSECTETUER VIX ET IUSTO APERIAM MOLESTIAE TE USU U', 34)
insert into UtensilOwnership values (514, 72, 'PRAESENT IUDICO VOLUMUS PERSEQUERIS ID HAS MEA NOS', 30)
insert into UtensilOwnership values (515, 97, 'VIS TE MEDIOCREM ADVERSARIUM ATQUI QUALISQUE VIS E', 0)
insert into UtensilOwnership values (516, 93, 'UO VIS DOLORE PLATONEM UT NO DICAT TATION NOSTRUD', 8)
insert into UtensilOwnership values (517, 69, 'PERICULA HIS EX MEI CU ACCUSAMUS REPRIMIQUEAT HAS', 14)
insert into UtensilOwnership values (518, 100, 'X TIBIQUE FORENSIBUS DISPUTANDO IN HAS IUS VERITUS', 5)
insert into UtensilOwnership values (519, 71, 'POSTEA DETRAXIT EA EAM ALII SCAEVOLA VOLUPTATIBUS', 36)
insert into UtensilOwnership values (520, 69, 'PERICULA HIS EX MEI CU ACCUSAMUS REPRIMIQUEAT HAS', 26)
insert into UtensilOwnership values (521, 63, 'NUM CONTENTIONES EX NAM AT ANIMAL ABHORREANT HIS E', 18)
insert into UtensilOwnership values (522, 6, 'HIS NOMINATI PLATONEM VOLUPTARIA ID VISEA NATUM M', 27)
insert into UtensilOwnership values (523, 65, 'ONCLUDATURQUE IN NAM ET POSTEA SANCTUS DOLORES IUS', 31)
insert into UtensilOwnership values (524, 66, 'ONESTATIS HIS PERICULA DISSENTIUNT NE ET PROMPTA Q', 21)
insert into UtensilOwnership values (525, 94, 'USU FASTIDII TRACTATOS EUVIX DISSENTIAS INSTRUCTIO', 3)
insert into UtensilOwnership values (526, 33, 'DISPUTANDO DISSENTIET NO MEA DOCENDI COTIDIEQUE VI', 22)
insert into UtensilOwnership values (527, 11, 'PRIMA ID HAS AD EUM MANDAMUS RECTEQUE AN SEA ACCU', 8)
insert into UtensilOwnership values (528, 80, 'S EU ILLUD MODERATIUS CU ILLUM MALIS QUI CONSUL RA', 39)
insert into UtensilOwnership values (529, 91, 'UERIS HABEO OMNESQUE HIS CUET MEA VERI SAEPE ALIEN', 22)
insert into UtensilOwnership values (530, 8, 'LABITUR OPORTERE SIT PRI CU VIDE IGNOTA OPORTERE', 2)
insert into UtensilOwnership values (531, 17, 'AEVOLA CONTENTIONES CU ID QUI CORPORA THEOPHRASTUS', 20)
insert into UtensilOwnership values (532, 93, 'UO VIS DOLORE PLATONEM UT NO DICAT TATION NOSTRUD', 28)
insert into UtensilOwnership values (533, 79, 'S EOS DICAM MUCIUS ELEIFEND EI TE SED RIDENS ALIEN', 35)
insert into UtensilOwnership values (534, 30, 'DEFINITIONES ANESSENT SALUTATUS NAM EU IN MOVET TI', 28)
insert into UtensilOwnership values (535, 41, 'ERCIPITUR IUS EX QUOT MALORUM IN VIS ALTERUM TORQU', 7)
insert into UtensilOwnership values (536, 88, 'TE MEA NATUM MELIORE DESERUNT QUI EI AUTEM PERCIPI', 28)
insert into UtensilOwnership values (537, 24, 'ATIONIBUS IN VEL NE IUS BONORUM VOCIBUS FACILIS PE', 17)
insert into UtensilOwnership values (538, 12, 'SCRIPTA ORNATUS IUS AD IUS OPTION OFFENDIT REFORM', 28)
insert into UtensilOwnership values (539, 57, 'MIS MEA NE HIS DICUNT ERUDITI CONSULATU IN MUCIUS', 15)
insert into UtensilOwnership values (540, 22, 'ASE EVERTI IMPEDIT EI SIT NE SAEPE NONUMES VOLUTPA', 17)
insert into UtensilOwnership values (541, 68, 'OSTRUD SAPIENTEM CUM UT CIBO PUTENT DISCERE SEA EI', 40)
insert into UtensilOwnership values (542, 49, 'ITR NOSTER ET NE NAM PAULO EPICURI PERTINAX VIX CA', 7)
insert into UtensilOwnership values (543, 73, 'QUAERENDUM COMPLECTITUR VIM ET CUM NOSTRUD PERSEQU', 31)
insert into UtensilOwnership values (544, 49, 'ITR NOSTER ET NE NAM PAULO EPICURI PERTINAX VIX CA', 26)
insert into UtensilOwnership values (545, 17, 'AEVOLA CONTENTIONES CU ID QUI CORPORA THEOPHRASTUS', 38)
insert into UtensilOwnership values (546, 3, 'EAM SIMUL VOLUPTATUM EUM POSTEA DOCTUS NO NOBIS P', 21)
insert into UtensilOwnership values (547, 45, 'I ERANT QUODSI SEA TE SONET DETRACTO NAM USU SAEPE', 18)
insert into UtensilOwnership values (548, 47, 'IN AFFERT COMPREHENSAM DUO DUIS AETERNO FIERENT AN', 12)
insert into UtensilOwnership values (549, 8, 'LABITUR OPORTERE SIT PRI CU VIDE IGNOTA OPORTERE', 0)
insert into UtensilOwnership values (550, 96, 'VERTI HENDRERIT ACCOMMODARE MEL AD EI PRO QUIDAM P', 20)
insert into UtensilOwnership values (551, 97, 'VIS TE MEDIOCREM ADVERSARIUM ATQUI QUALISQUE VIS E', 19)
insert into UtensilOwnership values (552, 25, 'BUSQUEM NOLUISSE DESERUNT CUM EU PRO VERI AUTEM ER', 3)
insert into UtensilOwnership values (553, 91, 'UERIS HABEO OMNESQUE HIS CUET MEA VERI SAEPE ALIEN', 9)
insert into UtensilOwnership values (554, 97, 'VIS TE MEDIOCREM ADVERSARIUM ATQUI QUALISQUE VIS E', 40)
insert into UtensilOwnership values (555, 16, 'A SUSCIPIANTUR VELLOREM IPSUM DOLOR SIT AMET DUO N', 33)
insert into UtensilOwnership values (556, 88, 'TE MEA NATUM MELIORE DESERUNT QUI EI AUTEM PERCIPI', 17)
insert into UtensilOwnership values (557, 41, 'ERCIPITUR IUS EX QUOT MALORUM IN VIS ALTERUM TORQU', 21)
insert into UtensilOwnership values (558, 89, 'TUA EX SED EI CUM IPSUM ORATIO EIRMOD PRO AD DIAM', 21)
insert into UtensilOwnership values (559, 61, 'NS PROBATUS EI VEL OPORTERE CONSETETUR EU PRIMIS P', 28)
insert into UtensilOwnership values (560, 94, 'USU FASTIDII TRACTATOS EUVIX DISSENTIAS INSTRUCTIO', 9)
insert into UtensilOwnership values (561, 91, 'UERIS HABEO OMNESQUE HIS CUET MEA VERI SAEPE ALIEN', 3)
insert into UtensilOwnership values (562, 38, 'EI COMMUNE CONSTITUTO EOS AT MEIS REBUM ET EUM UT', 9)
insert into UtensilOwnership values (563, 17, 'AEVOLA CONTENTIONES CU ID QUI CORPORA THEOPHRASTUS', 16)
insert into UtensilOwnership values (564, 66, 'ONESTATIS HIS PERICULA DISSENTIUNT NE ET PROMPTA Q', 4)
insert into UtensilOwnership values (565, 10, 'PER TE AT NULLA QUAEQUE EAMEA IRIURE CONSEQUAT ME', 2)
insert into UtensilOwnership values (566, 64, 'NUM QUANDO NOMINATI CU HAS QUI UT QUODSI NECESSITA', 1)
insert into UtensilOwnership values (567, 79, 'S EOS DICAM MUCIUS ELEIFEND EI TE SED RIDENS ALIEN', 18)
insert into UtensilOwnership values (568, 33, 'DISPUTANDO DISSENTIET NO MEA DOCENDI COTIDIEQUE VI', 6)
insert into UtensilOwnership values (569, 32, 'DICABIT AD VIMHIS ASSUM ADVERSARIUM EA TE MINIM NO', 22)
insert into UtensilOwnership values (570, 10, 'PER TE AT NULLA QUAEQUE EAMEA IRIURE CONSEQUAT ME', 12)
insert into UtensilOwnership values (571, 70, 'POSSE UBIQUE EVERTI HAS TE BRUTE IPSUM DEBET QUIEV', 32)
insert into UtensilOwnership values (572, 57, 'MIS MEA NE HIS DICUNT ERUDITI CONSULATU IN MUCIUS', 26)
insert into UtensilOwnership values (573, 43, 'EST EX TOTA MOLESTIAE SIT NE MELIUS DELENIT MALIS', 30)
insert into UtensilOwnership values (574, 49, 'ITR NOSTER ET NE NAM PAULO EPICURI PERTINAX VIX CA', 19)
insert into UtensilOwnership values (575, 1, 'ALII OMNIUM OPTION EUM IN NE ASSUM DOCTUS PRO VEL', 27)
insert into UtensilOwnership values (576, 15, 'VOLUPTARIA ELOQUENTIAM EI USU ASSUM SAEPE ALTERUM', 11)
insert into UtensilOwnership values (577, 34, 'DIT AD MEA ERIPUIT PLATONEM EAM DICAM ANTIOPAM AN', 37)
insert into UtensilOwnership values (578, 17, 'AEVOLA CONTENTIONES CU ID QUI CORPORA THEOPHRASTUS', 5)
insert into UtensilOwnership values (579, 50, 'ITUREUM NISL RIDENS VOCENT UT EI MEL FACETE ALBUCI', 23)
insert into UtensilOwnership values (580, 92, 'UMSAN PARTIENDOQUANDO SCAEVOLA DEFINITIONEM PER AD', 23)
insert into UtensilOwnership values (581, 88, 'TE MEA NATUM MELIORE DESERUNT QUI EI AUTEM PERCIPI', 4)
insert into UtensilOwnership values (582, 65, 'ONCLUDATURQUE IN NAM ET POSTEA SANCTUS DOLORES IUS', 36)
insert into UtensilOwnership values (583, 72, 'PRAESENT IUDICO VOLUMUS PERSEQUERIS ID HAS MEA NOS', 38)
insert into UtensilOwnership values (584, 95, 'VENDUM EUM IN CIBO NATUM TORQUATOS QUO AUGUE PERIC', 2)
insert into UtensilOwnership values (585, 11, 'PRIMA ID HAS AD EUM MANDAMUS RECTEQUE AN SEA ACCU', 24)
insert into UtensilOwnership values (586, 93, 'UO VIS DOLORE PLATONEM UT NO DICAT TATION NOSTRUD', 17)
insert into UtensilOwnership values (587, 3, 'EAM SIMUL VOLUPTATUM EUM POSTEA DOCTUS NO NOBIS P', 19)
insert into UtensilOwnership values (588, 83, 'SEQUERIS VIM ET GRAECIS SINGULIS EAM TE PERICULA E', 36)
insert into UtensilOwnership values (589, 14, 'VEL EX ILLUM MALIS ABHORREANT NO NAM VIS CU MOLLI', 35)
insert into UtensilOwnership values (590, 53, 'M INTEGRE CU TIBIQUE LUPTATUM VOLUPTARIA NAM EU UT', 31)
insert into UtensilOwnership values (591, 47, 'IN AFFERT COMPREHENSAM DUO DUIS AETERNO FIERENT AN', 6)
insert into UtensilOwnership values (592, 35, 'E COMPLECTITUR PRO AN ALIA NEMORE PER NO IUS SUMO', 37)
insert into UtensilOwnership values (593, 52, 'L AN ADHUC ARGUMENTUMNO UTROQUE SCRIBENTUR EUM ET', 0)
insert into UtensilOwnership values (594, 63, 'NUM CONTENTIONES EX NAM AT ANIMAL ABHORREANT HIS E', 6)
insert into UtensilOwnership values (595, 32, 'DICABIT AD VIMHIS ASSUM ADVERSARIUM EA TE MINIM NO', 13)
insert into UtensilOwnership values (596, 30, 'DEFINITIONES ANESSENT SALUTATUS NAM EU IN MOVET TI', 30)
insert into UtensilOwnership values (597, 32, 'DICABIT AD VIMHIS ASSUM ADVERSARIUM EA TE MINIM NO', 31)
insert into UtensilOwnership values (598, 8, 'LABITUR OPORTERE SIT PRI CU VIDE IGNOTA OPORTERE', 27)
insert into UtensilOwnership values (599, 39, 'ELOQUENTIAM QUO EU HIS DICIT DOLORES CONSETETURVIS', 24)
insert into UtensilOwnership values (600, 54, 'M SEA ID MENTITUM INVIDUNT NAM EI ET ALII NONUMY C', 36)
insert into UtensilOwnership values (601, 24, 'ATIONIBUS IN VEL NE IUS BONORUM VOCIBUS FACILIS PE', 3)
insert into UtensilOwnership values (602, 13, 'SPLENDIDE REPRIMIQUE MEA NOID SONET EQUIDEM INERM', 11)
insert into UtensilOwnership values (603, 16, 'A SUSCIPIANTUR VELLOREM IPSUM DOLOR SIT AMET DUO N', 31)
insert into UtensilOwnership values (604, 98, 'VIX DOLOR NOMINAVI CU MEI REQUE ETIAM VIDISSE ID M', 29)
insert into UtensilOwnership values (605, 27, 'CTIOR TE EOSDUO TE DEBET PLACERAT MEI CONSUL RIDEN', 29)
insert into UtensilOwnership values (606, 41, 'ERCIPITUR IUS EX QUOT MALORUM IN VIS ALTERUM TORQU', 33)
insert into UtensilOwnership values (607, 82, 'SED ALBUCIUS ACCUSATA EXPETENDIS ID HIS ADMODUM HO', 13)
insert into UtensilOwnership values (608, 43, 'EST EX TOTA MOLESTIAE SIT NE MELIUS DELENIT MALIS', 31)
insert into UtensilOwnership values (609, 96, 'VERTI HENDRERIT ACCOMMODARE MEL AD EI PRO QUIDAM P', 12)
insert into UtensilOwnership values (610, 2, 'ANIMAL VIDERER HONESTATIS USU MUTAT PLACERAT LIBE', 22)
insert into UtensilOwnership values (611, 54, 'M SEA ID MENTITUM INVIDUNT NAM EI ET ALII NONUMY C', 20)
insert into UtensilOwnership values (612, 25, 'BUSQUEM NOLUISSE DESERUNT CUM EU PRO VERI AUTEM ER', 16)
insert into UtensilOwnership values (613, 40, 'ERANT PERSECUTI MEL ET QUO EU GRAECE DELENITI SED', 38)
insert into UtensilOwnership values (614, 70, 'POSSE UBIQUE EVERTI HAS TE BRUTE IPSUM DEBET QUIEV', 5)
insert into UtensilOwnership values (615, 7, 'IN EST OFFENDIT POSTULANT THEOPHRASTUS EA PROMPTA', 4)
insert into UtensilOwnership values (616, 27, 'CTIOR TE EOSDUO TE DEBET PLACERAT MEI CONSUL RIDEN', 8)
insert into UtensilOwnership values (617, 66, 'ONESTATIS HIS PERICULA DISSENTIUNT NE ET PROMPTA Q', 12)
insert into UtensilOwnership values (618, 23, 'AT HAS ET MODUS EURIPIDIS EFFICIENDI WISI MEIS OCU', 14)
insert into UtensilOwnership values (619, 55, 'MEA HOMERO SALUTANDI EU ET ELITR PONDERUM SEA UT P', 20)
insert into UtensilOwnership values (620, 17, 'AEVOLA CONTENTIONES CU ID QUI CORPORA THEOPHRASTUS', 26)
insert into UtensilOwnership values (621, 62, 'NSECTETUER VIX ET IUSTO APERIAM MOLESTIAE TE USU U', 23)
insert into UtensilOwnership values (622, 97, 'VIS TE MEDIOCREM ADVERSARIUM ATQUI QUALISQUE VIS E', 23)
insert into UtensilOwnership values (623, 19, 'AN QUI ALTERA PROPRIAE NOMINAVI GLORIATUR EU CUM V', 12)
insert into UtensilOwnership values (624, 79, 'S EOS DICAM MUCIUS ELEIFEND EI TE SED RIDENS ALIEN', 32)
insert into UtensilOwnership values (625, 63, 'NUM CONTENTIONES EX NAM AT ANIMAL ABHORREANT HIS E', 6)
insert into UtensilOwnership values (626, 36, 'E EUISMOD VIVENDO EI ESSENT TAMQUAM TE DUO IN QUO', 35)
insert into UtensilOwnership values (627, 6, 'HIS NOMINATI PLATONEM VOLUPTARIA ID VISEA NATUM M', 26)
insert into UtensilOwnership values (628, 80, 'S EU ILLUD MODERATIUS CU ILLUM MALIS QUI CONSUL RA', 24)
insert into UtensilOwnership values (629, 18, 'AM UT TOTA FACETE IUS HIS EX MODO MAGNA AEQUE EI V', 5)
insert into UtensilOwnership values (630, 72, 'PRAESENT IUDICO VOLUMUS PERSEQUERIS ID HAS MEA NOS', 37)
insert into UtensilOwnership values (631, 83, 'SEQUERIS VIM ET GRAECIS SINGULIS EAM TE PERICULA E', 20)
insert into UtensilOwnership values (632, 27, 'CTIOR TE EOSDUO TE DEBET PLACERAT MEI CONSUL RIDEN', 10)
insert into UtensilOwnership values (633, 78, 'S CONSTITUTO EAZRIL CONSETETUR EST NE SED ELIT ELI', 22)
insert into UtensilOwnership values (634, 97, 'VIS TE MEDIOCREM ADVERSARIUM ATQUI QUALISQUE VIS E', 27)
insert into UtensilOwnership values (635, 68, 'OSTRUD SAPIENTEM CUM UT CIBO PUTENT DISCERE SEA EI', 19)
insert into UtensilOwnership values (636, 75, 'RREM EX VIX CONSUL ERUDITI COTIDIEQUE AT ID CAUSAE', 33)
insert into UtensilOwnership values (637, 50, 'ITUREUM NISL RIDENS VOCENT UT EI MEL FACETE ALBUCI', 5)
insert into UtensilOwnership values (638, 74, 'RE QUIDAM INERMISNE PRO GRAECI DELECTUS VOLUTPAT E', 9)
insert into UtensilOwnership values (639, 69, 'PERICULA HIS EX MEI CU ACCUSAMUS REPRIMIQUEAT HAS', 13)
insert into UtensilOwnership values (640, 71, 'POSTEA DETRAXIT EA EAM ALII SCAEVOLA VOLUPTATIBUS', 31)
insert into UtensilOwnership values (641, 11, 'PRIMA ID HAS AD EUM MANDAMUS RECTEQUE AN SEA ACCU', 3)
insert into UtensilOwnership values (642, 60, 'NE VOCENT HENDRERIT TE DUO SENSIBUS ELABORARET EST', 28)
insert into UtensilOwnership values (643, 87, 'T ZRIL PERCIPITUR HAS EA QUO DOLORES MENTITUM CUM', 23)
insert into UtensilOwnership values (644, 13, 'SPLENDIDE REPRIMIQUE MEA NOID SONET EQUIDEM INERM', 12)
insert into UtensilOwnership values (645, 99, 'VIX TATION TIMEAM NE DELENITI PONDERUM HENDRERIT M', 10)
insert into UtensilOwnership values (646, 23, 'AT HAS ET MODUS EURIPIDIS EFFICIENDI WISI MEIS OCU', 31)
insert into UtensilOwnership values (647, 95, 'VENDUM EUM IN CIBO NATUM TORQUATOS QUO AUGUE PERIC', 40)
insert into UtensilOwnership values (648, 83, 'SEQUERIS VIM ET GRAECIS SINGULIS EAM TE PERICULA E', 35)
insert into UtensilOwnership values (649, 57, 'MIS MEA NE HIS DICUNT ERUDITI CONSULATU IN MUCIUS', 1)
insert into UtensilOwnership values (650, 5, 'FALLI PROMPTA PERCIPITUR NE SED EI EOS LABORE VIV', 4)
insert into UtensilOwnership values (651, 64, 'NUM QUANDO NOMINATI CU HAS QUI UT QUODSI NECESSITA', 17)
insert into UtensilOwnership values (652, 10, 'PER TE AT NULLA QUAEQUE EAMEA IRIURE CONSEQUAT ME', 17)
insert into UtensilOwnership values (653, 53, 'M INTEGRE CU TIBIQUE LUPTATUM VOLUPTARIA NAM EU UT', 6)
insert into UtensilOwnership values (654, 22, 'ASE EVERTI IMPEDIT EI SIT NE SAEPE NONUMES VOLUTPA', 38)
insert into UtensilOwnership values (655, 92, 'UMSAN PARTIENDOQUANDO SCAEVOLA DEFINITIONEM PER AD', 13)
insert into UtensilOwnership values (656, 28, 'D FASTIDII LUCILIUS PERSECUTI EU USU HAS IN VERI A', 21)
insert into UtensilOwnership values (657, 95, 'VENDUM EUM IN CIBO NATUM TORQUATOS QUO AUGUE PERIC', 40)
insert into UtensilOwnership values (658, 37, 'E VIS OMITTAM PERICULIS NE SEA ADIPISCI VOLUPTATIB', 39)
insert into UtensilOwnership values (659, 36, 'E EUISMOD VIVENDO EI ESSENT TAMQUAM TE DUO IN QUO', 22)
insert into UtensilOwnership values (660, 92, 'UMSAN PARTIENDOQUANDO SCAEVOLA DEFINITIONEM PER AD', 34)
insert into UtensilOwnership values (661, 36, 'E EUISMOD VIVENDO EI ESSENT TAMQUAM TE DUO IN QUO', 7)
insert into UtensilOwnership values (662, 3, 'EAM SIMUL VOLUPTATUM EUM POSTEA DOCTUS NO NOBIS P', 30)
insert into UtensilOwnership values (663, 26, 'COMPREHENSAM EOS AT MALORUM PERCIPITUR DUO IGNOTA', 25)
insert into UtensilOwnership values (664, 25, 'BUSQUEM NOLUISSE DESERUNT CUM EU PRO VERI AUTEM ER', 16)
insert into UtensilOwnership values (665, 19, 'AN QUI ALTERA PROPRIAE NOMINAVI GLORIATUR EU CUM V', 2)
insert into UtensilOwnership values (666, 28, 'D FASTIDII LUCILIUS PERSECUTI EU USU HAS IN VERI A', 10)
insert into UtensilOwnership values (667, 47, 'IN AFFERT COMPREHENSAM DUO DUIS AETERNO FIERENT AN', 35)
insert into UtensilOwnership values (668, 44, 'FABULAS NOSTRUM DISSENTIAS EX NEC QUO COMMODO PROD', 10)
insert into UtensilOwnership values (669, 2, 'ANIMAL VIDERER HONESTATIS USU MUTAT PLACERAT LIBE', 26)
insert into UtensilOwnership values (670, 32, 'DICABIT AD VIMHIS ASSUM ADVERSARIUM EA TE MINIM NO', 11)
insert into UtensilOwnership values (671, 78, 'S CONSTITUTO EAZRIL CONSETETUR EST NE SED ELIT ELI', 3)
insert into UtensilOwnership values (672, 93, 'UO VIS DOLORE PLATONEM UT NO DICAT TATION NOSTRUD', 3)
insert into UtensilOwnership values (673, 54, 'M SEA ID MENTITUM INVIDUNT NAM EI ET ALII NONUMY C', 0)
insert into UtensilOwnership values (674, 85, 'STRO ERUDITI ANCILLAE TE EXERCI VIRTUTE DEFINITION', 30)
insert into UtensilOwnership values (675, 7, 'IN EST OFFENDIT POSTULANT THEOPHRASTUS EA PROMPTA', 23)
insert into UtensilOwnership values (676, 2, 'ANIMAL VIDERER HONESTATIS USU MUTAT PLACERAT LIBE', 35)
insert into UtensilOwnership values (677, 10, 'PER TE AT NULLA QUAEQUE EAMEA IRIURE CONSEQUAT ME', 40)
insert into UtensilOwnership values (678, 6, 'HIS NOMINATI PLATONEM VOLUPTARIA ID VISEA NATUM M', 40)
insert into UtensilOwnership values (679, 80, 'S EU ILLUD MODERATIUS CU ILLUM MALIS QUI CONSUL RA', 22)
insert into UtensilOwnership values (680, 41, 'ERCIPITUR IUS EX QUOT MALORUM IN VIS ALTERUM TORQU', 16)
insert into UtensilOwnership values (681, 41, 'ERCIPITUR IUS EX QUOT MALORUM IN VIS ALTERUM TORQU', 36)
insert into UtensilOwnership values (682, 23, 'AT HAS ET MODUS EURIPIDIS EFFICIENDI WISI MEIS OCU', 31)
insert into UtensilOwnership values (683, 23, 'AT HAS ET MODUS EURIPIDIS EFFICIENDI WISI MEIS OCU', 22)
insert into UtensilOwnership values (684, 13, 'SPLENDIDE REPRIMIQUE MEA NOID SONET EQUIDEM INERM', 0)
insert into UtensilOwnership values (685, 8, 'LABITUR OPORTERE SIT PRI CU VIDE IGNOTA OPORTERE', 19)
insert into UtensilOwnership values (686, 74, 'RE QUIDAM INERMISNE PRO GRAECI DELECTUS VOLUTPAT E', 3)
insert into UtensilOwnership values (687, 74, 'RE QUIDAM INERMISNE PRO GRAECI DELECTUS VOLUTPAT E', 4)
insert into UtensilOwnership values (688, 56, 'MIDANS HIS DICAM PUTANT MALORUM NO PROPRIAE PERPET', 24)
insert into UtensilOwnership values (689, 5, 'FALLI PROMPTA PERCIPITUR NE SED EI EOS LABORE VIV', 14)
insert into UtensilOwnership values (690, 40, 'ERANT PERSECUTI MEL ET QUO EU GRAECE DELENITI SED', 39)
insert into UtensilOwnership values (691, 81, 'S LOBORTIS REFERRENTUR CUM EU INANI HOMERO INSTRUC', 34)
insert into UtensilOwnership values (692, 13, 'SPLENDIDE REPRIMIQUE MEA NOID SONET EQUIDEM INERM', 6)
insert into UtensilOwnership values (693, 39, 'ELOQUENTIAM QUO EU HIS DICIT DOLORES CONSETETURVIS', 27)
insert into UtensilOwnership values (694, 77, 'S AD QUI NONUMY VIDERER MEDIOCREM USU NOBIS UTINAM', 20)
insert into UtensilOwnership values (695, 36, 'E EUISMOD VIVENDO EI ESSENT TAMQUAM TE DUO IN QUO', 23)
insert into UtensilOwnership values (696, 9, 'OBLIQUE VOLUPTATIBUSID NEC DUIS ILLUM VITAE ALIA', 14)
insert into UtensilOwnership values (697, 35, 'E COMPLECTITUR PRO AN ALIA NEMORE PER NO IUS SUMO', 3)
insert into UtensilOwnership values (698, 63, 'NUM CONTENTIONES EX NAM AT ANIMAL ABHORREANT HIS E', 7)
insert into UtensilOwnership values (699, 95, 'VENDUM EUM IN CIBO NATUM TORQUATOS QUO AUGUE PERIC', 10)
insert into UtensilOwnership values (700, 71, 'POSTEA DETRAXIT EA EAM ALII SCAEVOLA VOLUPTATIBUS', 40)
insert into UtensilOwnership values (701, 76, 'RTI AD PRI MUTATTE NULLA PHAEDRUM EAM USU ALIA SCA', 36)
insert into UtensilOwnership values (702, 52, 'L AN ADHUC ARGUMENTUMNO UTROQUE SCRIBENTUR EUM ET', 30)
insert into UtensilOwnership values (703, 81, 'S LOBORTIS REFERRENTUR CUM EU INANI HOMERO INSTRUC', 8)
insert into UtensilOwnership values (704, 25, 'BUSQUEM NOLUISSE DESERUNT CUM EU PRO VERI AUTEM ER', 30)
insert into UtensilOwnership values (705, 27, 'CTIOR TE EOSDUO TE DEBET PLACERAT MEI CONSUL RIDEN', 1)
insert into UtensilOwnership values (706, 72, 'PRAESENT IUDICO VOLUMUS PERSEQUERIS ID HAS MEA NOS', 14)
insert into UtensilOwnership values (707, 56, 'MIDANS HIS DICAM PUTANT MALORUM NO PROPRIAE PERPET', 16)
insert into UtensilOwnership values (708, 69, 'PERICULA HIS EX MEI CU ACCUSAMUS REPRIMIQUEAT HAS', 16)
insert into UtensilOwnership values (709, 16, 'A SUSCIPIANTUR VELLOREM IPSUM DOLOR SIT AMET DUO N', 15)
insert into UtensilOwnership values (710, 91, 'UERIS HABEO OMNESQUE HIS CUET MEA VERI SAEPE ALIEN', 18)
insert into UtensilOwnership values (711, 19, 'AN QUI ALTERA PROPRIAE NOMINAVI GLORIATUR EU CUM V', 21)
insert into UtensilOwnership values (712, 89, 'TUA EX SED EI CUM IPSUM ORATIO EIRMOD PRO AD DIAM', 0)
insert into UtensilOwnership values (713, 57, 'MIS MEA NE HIS DICUNT ERUDITI CONSULATU IN MUCIUS', 16)
insert into UtensilOwnership values (714, 95, 'VENDUM EUM IN CIBO NATUM TORQUATOS QUO AUGUE PERIC', 6)
insert into UtensilOwnership values (715, 51, 'IUS SONET APPAREAT NO EUM AUTEM MEDIOCREM DESERUIS', 39)
insert into UtensilOwnership values (716, 13, 'SPLENDIDE REPRIMIQUE MEA NOID SONET EQUIDEM INERM', 16)
insert into UtensilOwnership values (717, 80, 'S EU ILLUD MODERATIUS CU ILLUM MALIS QUI CONSUL RA', 7)
insert into UtensilOwnership values (718, 13, 'SPLENDIDE REPRIMIQUE MEA NOID SONET EQUIDEM INERM', 25)
insert into UtensilOwnership values (719, 17, 'AEVOLA CONTENTIONES CU ID QUI CORPORA THEOPHRASTUS', 37)
insert into UtensilOwnership values (720, 45, 'I ERANT QUODSI SEA TE SONET DETRACTO NAM USU SAEPE', 40)
insert into UtensilOwnership values (721, 55, 'MEA HOMERO SALUTANDI EU ET ELITR PONDERUM SEA UT P', 6)
insert into UtensilOwnership values (722, 92, 'UMSAN PARTIENDOQUANDO SCAEVOLA DEFINITIONEM PER AD', 11)
insert into UtensilOwnership values (723, 39, 'ELOQUENTIAM QUO EU HIS DICIT DOLORES CONSETETURVIS', 36)
insert into UtensilOwnership values (724, 62, 'NSECTETUER VIX ET IUSTO APERIAM MOLESTIAE TE USU U', 28)
insert into UtensilOwnership values (725, 52, 'L AN ADHUC ARGUMENTUMNO UTROQUE SCRIBENTUR EUM ET', 18)
insert into UtensilOwnership values (726, 65, 'ONCLUDATURQUE IN NAM ET POSTEA SANCTUS DOLORES IUS', 37)
insert into UtensilOwnership values (727, 54, 'M SEA ID MENTITUM INVIDUNT NAM EI ET ALII NONUMY C', 17)
insert into UtensilOwnership values (728, 77, 'S AD QUI NONUMY VIDERER MEDIOCREM USU NOBIS UTINAM', 21)
insert into UtensilOwnership values (729, 49, 'ITR NOSTER ET NE NAM PAULO EPICURI PERTINAX VIX CA', 6)
insert into UtensilOwnership values (730, 98, 'VIX DOLOR NOMINAVI CU MEI REQUE ETIAM VIDISSE ID M', 9)
insert into UtensilOwnership values (731, 67, 'OR DELICATISSIMI UT PRI ID SONET ALTERA SAPERET ET', 32)
insert into UtensilOwnership values (732, 47, 'IN AFFERT COMPREHENSAM DUO DUIS AETERNO FIERENT AN', 33)
insert into UtensilOwnership values (733, 12, 'SCRIPTA ORNATUS IUS AD IUS OPTION OFFENDIT REFORM', 30)
insert into UtensilOwnership values (734, 9, 'OBLIQUE VOLUPTATIBUSID NEC DUIS ILLUM VITAE ALIA', 22)
insert into UtensilOwnership values (735, 65, 'ONCLUDATURQUE IN NAM ET POSTEA SANCTUS DOLORES IUS', 20)
insert into UtensilOwnership values (736, 90, 'UATOS CU MEIVIS UT IRIURE MAIESTATIS EX UNUM IRACU', 6)
insert into UtensilOwnership values (737, 42, 'ERFECTO IN MALIS PUTENT BONORUM CUM ID AT DICAM NO', 22)
insert into UtensilOwnership values (738, 98, 'VIX DOLOR NOMINAVI CU MEI REQUE ETIAM VIDISSE ID M', 33)
insert into UtensilOwnership values (739, 87, 'T ZRIL PERCIPITUR HAS EA QUO DOLORES MENTITUM CUM', 40)
insert into UtensilOwnership values (740, 37, 'E VIS OMITTAM PERICULIS NE SEA ADIPISCI VOLUPTATIB', 5)
insert into UtensilOwnership values (741, 19, 'AN QUI ALTERA PROPRIAE NOMINAVI GLORIATUR EU CUM V', 27)
insert into UtensilOwnership values (742, 5, 'FALLI PROMPTA PERCIPITUR NE SED EI EOS LABORE VIV', 28)
insert into UtensilOwnership values (743, 40, 'ERANT PERSECUTI MEL ET QUO EU GRAECE DELENITI SED', 8)
insert into UtensilOwnership values (744, 15, 'VOLUPTARIA ELOQUENTIAM EI USU ASSUM SAEPE ALTERUM', 37)
insert into UtensilOwnership values (745, 22, 'ASE EVERTI IMPEDIT EI SIT NE SAEPE NONUMES VOLUTPA', 18)
insert into UtensilOwnership values (746, 93, 'UO VIS DOLORE PLATONEM UT NO DICAT TATION NOSTRUD', 34)
insert into UtensilOwnership values (747, 57, 'MIS MEA NE HIS DICUNT ERUDITI CONSULATU IN MUCIUS', 30)
insert into UtensilOwnership values (748, 44, 'FABULAS NOSTRUM DISSENTIAS EX NEC QUO COMMODO PROD', 20)
insert into UtensilOwnership values (749, 27, 'CTIOR TE EOSDUO TE DEBET PLACERAT MEI CONSUL RIDEN', 21)
insert into UtensilOwnership values (750, 23, 'AT HAS ET MODUS EURIPIDIS EFFICIENDI WISI MEIS OCU', 7)
insert into UtensilOwnership values (751, 30, 'DEFINITIONES ANESSENT SALUTATUS NAM EU IN MOVET TI', 6)
insert into UtensilOwnership values (752, 23, 'AT HAS ET MODUS EURIPIDIS EFFICIENDI WISI MEIS OCU', 18)
insert into UtensilOwnership values (753, 47, 'IN AFFERT COMPREHENSAM DUO DUIS AETERNO FIERENT AN', 10)
insert into UtensilOwnership values (754, 50, 'ITUREUM NISL RIDENS VOCENT UT EI MEL FACETE ALBUCI', 10)
insert into UtensilOwnership values (755, 17, 'AEVOLA CONTENTIONES CU ID QUI CORPORA THEOPHRASTUS', 34)
insert into UtensilOwnership values (756, 85, 'STRO ERUDITI ANCILLAE TE EXERCI VIRTUTE DEFINITION', 24)
insert into UtensilOwnership values (757, 13, 'SPLENDIDE REPRIMIQUE MEA NOID SONET EQUIDEM INERM', 34)
insert into UtensilOwnership values (758, 20, 'APEIRIAN ATQUI CIVIBUS PERCIPIT IN PRI EAM DICTA D', 21)
insert into UtensilOwnership values (759, 74, 'RE QUIDAM INERMISNE PRO GRAECI DELECTUS VOLUTPAT E', 12)
insert into UtensilOwnership values (760, 62, 'NSECTETUER VIX ET IUSTO APERIAM MOLESTIAE TE USU U', 4)
insert into UtensilOwnership values (761, 18, 'AM UT TOTA FACETE IUS HIS EX MODO MAGNA AEQUE EI V', 37)
insert into UtensilOwnership values (762, 79, 'S EOS DICAM MUCIUS ELEIFEND EI TE SED RIDENS ALIEN', 35)
insert into UtensilOwnership values (763, 20, 'APEIRIAN ATQUI CIVIBUS PERCIPIT IN PRI EAM DICTA D', 9)
insert into UtensilOwnership values (764, 19, 'AN QUI ALTERA PROPRIAE NOMINAVI GLORIATUR EU CUM V', 6)
insert into UtensilOwnership values (765, 24, 'ATIONIBUS IN VEL NE IUS BONORUM VOCIBUS FACILIS PE', 26)
insert into UtensilOwnership values (766, 72, 'PRAESENT IUDICO VOLUMUS PERSEQUERIS ID HAS MEA NOS', 28)
insert into UtensilOwnership values (767, 77, 'S AD QUI NONUMY VIDERER MEDIOCREM USU NOBIS UTINAM', 10)
insert into UtensilOwnership values (768, 48, 'IS TIMEAM VIDISSE DELICATA MODERATIUS AN HIS SEA I', 35)
insert into UtensilOwnership values (769, 31, 'DESSET EA HAS SAPERET VOCIBUS ET IUS NE UTAMUR EUI', 27)
insert into UtensilOwnership values (770, 61, 'NS PROBATUS EI VEL OPORTERE CONSETETUR EU PRIMIS P', 33)
insert into UtensilOwnership values (771, 71, 'POSTEA DETRAXIT EA EAM ALII SCAEVOLA VOLUPTATIBUS', 34)
insert into UtensilOwnership values (772, 82, 'SED ALBUCIUS ACCUSATA EXPETENDIS ID HIS ADMODUM HO', 14)
insert into UtensilOwnership values (773, 26, 'COMPREHENSAM EOS AT MALORUM PERCIPITUR DUO IGNOTA', 26)
insert into UtensilOwnership values (774, 81, 'S LOBORTIS REFERRENTUR CUM EU INANI HOMERO INSTRUC', 31)
insert into UtensilOwnership values (775, 27, 'CTIOR TE EOSDUO TE DEBET PLACERAT MEI CONSUL RIDEN', 12)
insert into UtensilOwnership values (776, 50, 'ITUREUM NISL RIDENS VOCENT UT EI MEL FACETE ALBUCI', 18)
insert into UtensilOwnership values (777, 52, 'L AN ADHUC ARGUMENTUMNO UTROQUE SCRIBENTUR EUM ET', 2)
insert into UtensilOwnership values (778, 25, 'BUSQUEM NOLUISSE DESERUNT CUM EU PRO VERI AUTEM ER', 40)
insert into UtensilOwnership values (779, 41, 'ERCIPITUR IUS EX QUOT MALORUM IN VIS ALTERUM TORQU', 9)
insert into UtensilOwnership values (780, 59, 'N QUO ET EUISMOD SPLENDIDE HIS AT SALE EXERCI PERS', 25)
insert into UtensilOwnership values (781, 9, 'OBLIQUE VOLUPTATIBUSID NEC DUIS ILLUM VITAE ALIA', 6)
insert into UtensilOwnership values (782, 11, 'PRIMA ID HAS AD EUM MANDAMUS RECTEQUE AN SEA ACCU', 38)
insert into UtensilOwnership values (783, 51, 'IUS SONET APPAREAT NO EUM AUTEM MEDIOCREM DESERUIS', 0)
insert into UtensilOwnership values (784, 26, 'COMPREHENSAM EOS AT MALORUM PERCIPITUR DUO IGNOTA', 40)
insert into UtensilOwnership values (785, 69, 'PERICULA HIS EX MEI CU ACCUSAMUS REPRIMIQUEAT HAS', 2)
insert into UtensilOwnership values (786, 45, 'I ERANT QUODSI SEA TE SONET DETRACTO NAM USU SAEPE', 14)
insert into UtensilOwnership values (787, 1, 'ALII OMNIUM OPTION EUM IN NE ASSUM DOCTUS PRO VEL', 23)
insert into UtensilOwnership values (788, 63, 'NUM CONTENTIONES EX NAM AT ANIMAL ABHORREANT HIS E', 19)
insert into UtensilOwnership values (789, 93, 'UO VIS DOLORE PLATONEM UT NO DICAT TATION NOSTRUD', 28)
insert into UtensilOwnership values (790, 81, 'S LOBORTIS REFERRENTUR CUM EU INANI HOMERO INSTRUC', 36)
insert into UtensilOwnership values (791, 78, 'S CONSTITUTO EAZRIL CONSETETUR EST NE SED ELIT ELI', 12)
insert into UtensilOwnership values (792, 23, 'AT HAS ET MODUS EURIPIDIS EFFICIENDI WISI MEIS OCU', 1)
insert into UtensilOwnership values (793, 25, 'BUSQUEM NOLUISSE DESERUNT CUM EU PRO VERI AUTEM ER', 21)
insert into UtensilOwnership values (794, 25, 'BUSQUEM NOLUISSE DESERUNT CUM EU PRO VERI AUTEM ER', 35)
insert into UtensilOwnership values (795, 19, 'AN QUI ALTERA PROPRIAE NOMINAVI GLORIATUR EU CUM V', 8)
insert into UtensilOwnership values (796, 40, 'ERANT PERSECUTI MEL ET QUO EU GRAECE DELENITI SED', 32)
insert into UtensilOwnership values (797, 86, 'T PRIMIS PRODESSET IUS SIT EROS SAEPE GRAECIS EX F', 19)
insert into UtensilOwnership values (798, 22, 'ASE EVERTI IMPEDIT EI SIT NE SAEPE NONUMES VOLUTPA', 1)
insert into UtensilOwnership values (799, 91, 'UERIS HABEO OMNESQUE HIS CUET MEA VERI SAEPE ALIEN', 10)
insert into UtensilOwnership values (800, 50, 'ITUREUM NISL RIDENS VOCENT UT EI MEL FACETE ALBUCI', 31)
insert into UtensilOwnership values (801, 16, 'A SUSCIPIANTUR VELLOREM IPSUM DOLOR SIT AMET DUO N', 23)
insert into UtensilOwnership values (802, 9, 'OBLIQUE VOLUPTATIBUSID NEC DUIS ILLUM VITAE ALIA', 36)
insert into UtensilOwnership values (803, 14, 'VEL EX ILLUM MALIS ABHORREANT NO NAM VIS CU MOLLI', 33)
insert into UtensilOwnership values (804, 67, 'OR DELICATISSIMI UT PRI ID SONET ALTERA SAPERET ET', 28)
insert into UtensilOwnership values (805, 53, 'M INTEGRE CU TIBIQUE LUPTATUM VOLUPTARIA NAM EU UT', 13)
insert into UtensilOwnership values (806, 49, 'ITR NOSTER ET NE NAM PAULO EPICURI PERTINAX VIX CA', 32)
insert into UtensilOwnership values (807, 97, 'VIS TE MEDIOCREM ADVERSARIUM ATQUI QUALISQUE VIS E', 33)
insert into UtensilOwnership values (808, 67, 'OR DELICATISSIMI UT PRI ID SONET ALTERA SAPERET ET', 19)
insert into UtensilOwnership values (809, 23, 'AT HAS ET MODUS EURIPIDIS EFFICIENDI WISI MEIS OCU', 38)
insert into UtensilOwnership values (810, 67, 'OR DELICATISSIMI UT PRI ID SONET ALTERA SAPERET ET', 16)
insert into UtensilOwnership values (811, 33, 'DISPUTANDO DISSENTIET NO MEA DOCENDI COTIDIEQUE VI', 22)
insert into UtensilOwnership values (812, 88, 'TE MEA NATUM MELIORE DESERUNT QUI EI AUTEM PERCIPI', 34)
insert into UtensilOwnership values (813, 80, 'S EU ILLUD MODERATIUS CU ILLUM MALIS QUI CONSUL RA', 11)
insert into UtensilOwnership values (814, 16, 'A SUSCIPIANTUR VELLOREM IPSUM DOLOR SIT AMET DUO N', 27)
insert into UtensilOwnership values (815, 54, 'M SEA ID MENTITUM INVIDUNT NAM EI ET ALII NONUMY C', 38)
insert into UtensilOwnership values (816, 7, 'IN EST OFFENDIT POSTULANT THEOPHRASTUS EA PROMPTA', 40)
insert into UtensilOwnership values (817, 29, 'D POSTULANT SALUTATUS QUI NE VIM UT FIERENT ULLAMC', 35)
insert into UtensilOwnership values (818, 94, 'USU FASTIDII TRACTATOS EUVIX DISSENTIAS INSTRUCTIO', 10)
insert into UtensilOwnership values (819, 51, 'IUS SONET APPAREAT NO EUM AUTEM MEDIOCREM DESERUIS', 4)
insert into UtensilOwnership values (820, 80, 'S EU ILLUD MODERATIUS CU ILLUM MALIS QUI CONSUL RA', 12)
insert into UtensilOwnership values (821, 72, 'PRAESENT IUDICO VOLUMUS PERSEQUERIS ID HAS MEA NOS', 4)
insert into UtensilOwnership values (822, 15, 'VOLUPTARIA ELOQUENTIAM EI USU ASSUM SAEPE ALTERUM', 31)
insert into UtensilOwnership values (823, 55, 'MEA HOMERO SALUTANDI EU ET ELITR PONDERUM SEA UT P', 6)
insert into UtensilOwnership values (824, 50, 'ITUREUM NISL RIDENS VOCENT UT EI MEL FACETE ALBUCI', 31)
insert into UtensilOwnership values (825, 83, 'SEQUERIS VIM ET GRAECIS SINGULIS EAM TE PERICULA E', 20)
insert into UtensilOwnership values (826, 49, 'ITR NOSTER ET NE NAM PAULO EPICURI PERTINAX VIX CA', 33)
insert into UtensilOwnership values (827, 58, 'MUNDI PHAEDRUM USU DOMING ORNATUS ERRORIBUS EAM AD', 34)
insert into UtensilOwnership values (828, 2, 'ANIMAL VIDERER HONESTATIS USU MUTAT PLACERAT LIBE', 31)
insert into UtensilOwnership values (829, 62, 'NSECTETUER VIX ET IUSTO APERIAM MOLESTIAE TE USU U', 22)
insert into UtensilOwnership values (830, 87, 'T ZRIL PERCIPITUR HAS EA QUO DOLORES MENTITUM CUM', 20)
insert into UtensilOwnership values (831, 65, 'ONCLUDATURQUE IN NAM ET POSTEA SANCTUS DOLORES IUS', 40)
insert into UtensilOwnership values (832, 31, 'DESSET EA HAS SAPERET VOCIBUS ET IUS NE UTAMUR EUI', 0)
insert into UtensilOwnership values (833, 34, 'DIT AD MEA ERIPUIT PLATONEM EAM DICAM ANTIOPAM AN', 29)
insert into UtensilOwnership values (834, 91, 'UERIS HABEO OMNESQUE HIS CUET MEA VERI SAEPE ALIEN', 19)
insert into UtensilOwnership values (835, 43, 'EST EX TOTA MOLESTIAE SIT NE MELIUS DELENIT MALIS', 2)
insert into UtensilOwnership values (836, 1, 'ALII OMNIUM OPTION EUM IN NE ASSUM DOCTUS PRO VEL', 11)
insert into UtensilOwnership values (837, 97, 'VIS TE MEDIOCREM ADVERSARIUM ATQUI QUALISQUE VIS E', 4)
insert into UtensilOwnership values (838, 84, 'SSE SIT EA VIM SENSERIT RATIONIBUS ADIPISCING EU V', 12)
insert into UtensilOwnership values (839, 74, 'RE QUIDAM INERMISNE PRO GRAECI DELECTUS VOLUTPAT E', 26)
insert into UtensilOwnership values (840, 20, 'APEIRIAN ATQUI CIVIBUS PERCIPIT IN PRI EAM DICTA D', 10)
insert into UtensilOwnership values (841, 48, 'IS TIMEAM VIDISSE DELICATA MODERATIUS AN HIS SEA I', 21)
insert into UtensilOwnership values (842, 35, 'E COMPLECTITUR PRO AN ALIA NEMORE PER NO IUS SUMO', 3)
insert into UtensilOwnership values (843, 40, 'ERANT PERSECUTI MEL ET QUO EU GRAECE DELENITI SED', 21)
insert into UtensilOwnership values (844, 26, 'COMPREHENSAM EOS AT MALORUM PERCIPITUR DUO IGNOTA', 12)
insert into UtensilOwnership values (845, 49, 'ITR NOSTER ET NE NAM PAULO EPICURI PERTINAX VIX CA', 14)
insert into UtensilOwnership values (846, 90, 'UATOS CU MEIVIS UT IRIURE MAIESTATIS EX UNUM IRACU', 18)
insert into UtensilOwnership values (847, 44, 'FABULAS NOSTRUM DISSENTIAS EX NEC QUO COMMODO PROD', 30)
insert into UtensilOwnership values (848, 9, 'OBLIQUE VOLUPTATIBUSID NEC DUIS ILLUM VITAE ALIA', 34)
insert into UtensilOwnership values (849, 72, 'PRAESENT IUDICO VOLUMUS PERSEQUERIS ID HAS MEA NOS', 37)
insert into UtensilOwnership values (850, 12, 'SCRIPTA ORNATUS IUS AD IUS OPTION OFFENDIT REFORM', 9)
insert into UtensilOwnership values (851, 12, 'SCRIPTA ORNATUS IUS AD IUS OPTION OFFENDIT REFORM', 38)
insert into UtensilOwnership values (852, 92, 'UMSAN PARTIENDOQUANDO SCAEVOLA DEFINITIONEM PER AD', 8)
insert into UtensilOwnership values (853, 72, 'PRAESENT IUDICO VOLUMUS PERSEQUERIS ID HAS MEA NOS', 38)
insert into UtensilOwnership values (854, 12, 'SCRIPTA ORNATUS IUS AD IUS OPTION OFFENDIT REFORM', 39)
insert into UtensilOwnership values (855, 79, 'S EOS DICAM MUCIUS ELEIFEND EI TE SED RIDENS ALIEN', 26)
insert into UtensilOwnership values (856, 2, 'ANIMAL VIDERER HONESTATIS USU MUTAT PLACERAT LIBE', 32)
insert into UtensilOwnership values (857, 54, 'M SEA ID MENTITUM INVIDUNT NAM EI ET ALII NONUMY C', 29)
insert into UtensilOwnership values (858, 64, 'NUM QUANDO NOMINATI CU HAS QUI UT QUODSI NECESSITA', 2)
insert into UtensilOwnership values (859, 84, 'SSE SIT EA VIM SENSERIT RATIONIBUS ADIPISCING EU V', 8)
insert into UtensilOwnership values (860, 4, 'FABULAS ERREM DISSENTIAS CONCLUDATURQUE ID HAS VI', 21)
insert into UtensilOwnership values (861, 91, 'UERIS HABEO OMNESQUE HIS CUET MEA VERI SAEPE ALIEN', 39)
insert into UtensilOwnership values (862, 95, 'VENDUM EUM IN CIBO NATUM TORQUATOS QUO AUGUE PERIC', 1)
insert into UtensilOwnership values (863, 5, 'FALLI PROMPTA PERCIPITUR NE SED EI EOS LABORE VIV', 38)
insert into UtensilOwnership values (864, 37, 'E VIS OMITTAM PERICULIS NE SEA ADIPISCI VOLUPTATIB', 18)
insert into UtensilOwnership values (865, 3, 'EAM SIMUL VOLUPTATUM EUM POSTEA DOCTUS NO NOBIS P', 16)
insert into UtensilOwnership values (866, 2, 'ANIMAL VIDERER HONESTATIS USU MUTAT PLACERAT LIBE', 21)
insert into UtensilOwnership values (867, 54, 'M SEA ID MENTITUM INVIDUNT NAM EI ET ALII NONUMY C', 4)
insert into UtensilOwnership values (868, 89, 'TUA EX SED EI CUM IPSUM ORATIO EIRMOD PRO AD DIAM', 33)
insert into UtensilOwnership values (869, 73, 'QUAERENDUM COMPLECTITUR VIM ET CUM NOSTRUD PERSEQU', 25)
insert into UtensilOwnership values (870, 54, 'M SEA ID MENTITUM INVIDUNT NAM EI ET ALII NONUMY C', 27)
insert into UtensilOwnership values (871, 11, 'PRIMA ID HAS AD EUM MANDAMUS RECTEQUE AN SEA ACCU', 36)
insert into UtensilOwnership values (872, 45, 'I ERANT QUODSI SEA TE SONET DETRACTO NAM USU SAEPE', 23)
insert into UtensilOwnership values (873, 20, 'APEIRIAN ATQUI CIVIBUS PERCIPIT IN PRI EAM DICTA D', 24)
insert into UtensilOwnership values (874, 31, 'DESSET EA HAS SAPERET VOCIBUS ET IUS NE UTAMUR EUI', 35)
insert into UtensilOwnership values (875, 32, 'DICABIT AD VIMHIS ASSUM ADVERSARIUM EA TE MINIM NO', 31)
insert into UtensilOwnership values (876, 38, 'EI COMMUNE CONSTITUTO EOS AT MEIS REBUM ET EUM UT', 1)
insert into UtensilOwnership values (877, 76, 'RTI AD PRI MUTATTE NULLA PHAEDRUM EAM USU ALIA SCA', 9)
insert into UtensilOwnership values (878, 29, 'D POSTULANT SALUTATUS QUI NE VIM UT FIERENT ULLAMC', 34)
insert into UtensilOwnership values (879, 2, 'ANIMAL VIDERER HONESTATIS USU MUTAT PLACERAT LIBE', 16)
insert into UtensilOwnership values (880, 93, 'UO VIS DOLORE PLATONEM UT NO DICAT TATION NOSTRUD', 1)
insert into UtensilOwnership values (881, 6, 'HIS NOMINATI PLATONEM VOLUPTARIA ID VISEA NATUM M', 2)
insert into UtensilOwnership values (882, 49, 'ITR NOSTER ET NE NAM PAULO EPICURI PERTINAX VIX CA', 40)
insert into UtensilOwnership values (883, 31, 'DESSET EA HAS SAPERET VOCIBUS ET IUS NE UTAMUR EUI', 34)
insert into UtensilOwnership values (884, 50, 'ITUREUM NISL RIDENS VOCENT UT EI MEL FACETE ALBUCI', 13)
insert into UtensilOwnership values (885, 76, 'RTI AD PRI MUTATTE NULLA PHAEDRUM EAM USU ALIA SCA', 23)
insert into UtensilOwnership values (886, 73, 'QUAERENDUM COMPLECTITUR VIM ET CUM NOSTRUD PERSEQU', 31)
insert into UtensilOwnership values (887, 60, 'NE VOCENT HENDRERIT TE DUO SENSIBUS ELABORARET EST', 3)
insert into UtensilOwnership values (888, 23, 'AT HAS ET MODUS EURIPIDIS EFFICIENDI WISI MEIS OCU', 31)
insert into UtensilOwnership values (889, 13, 'SPLENDIDE REPRIMIQUE MEA NOID SONET EQUIDEM INERM', 34)
insert into UtensilOwnership values (890, 42, 'ERFECTO IN MALIS PUTENT BONORUM CUM ID AT DICAM NO', 10)
insert into UtensilOwnership values (891, 47, 'IN AFFERT COMPREHENSAM DUO DUIS AETERNO FIERENT AN', 22)
insert into UtensilOwnership values (892, 34, 'DIT AD MEA ERIPUIT PLATONEM EAM DICAM ANTIOPAM AN', 1)
insert into UtensilOwnership values (893, 1, 'ALII OMNIUM OPTION EUM IN NE ASSUM DOCTUS PRO VEL', 4)
insert into UtensilOwnership values (894, 71, 'POSTEA DETRAXIT EA EAM ALII SCAEVOLA VOLUPTATIBUS', 5)
insert into UtensilOwnership values (895, 30, 'DEFINITIONES ANESSENT SALUTATUS NAM EU IN MOVET TI', 12)
insert into UtensilOwnership values (896, 53, 'M INTEGRE CU TIBIQUE LUPTATUM VOLUPTARIA NAM EU UT', 19)
insert into UtensilOwnership values (897, 30, 'DEFINITIONES ANESSENT SALUTATUS NAM EU IN MOVET TI', 6)
insert into UtensilOwnership values (898, 4, 'FABULAS ERREM DISSENTIAS CONCLUDATURQUE ID HAS VI', 3)
insert into UtensilOwnership values (899, 24, 'ATIONIBUS IN VEL NE IUS BONORUM VOCIBUS FACILIS PE', 37)
insert into UtensilOwnership values (900, 47, 'IN AFFERT COMPREHENSAM DUO DUIS AETERNO FIERENT AN', 34)
insert into UtensilOwnership values (901, 37, 'E VIS OMITTAM PERICULIS NE SEA ADIPISCI VOLUPTATIB', 14)
insert into UtensilOwnership values (902, 55, 'MEA HOMERO SALUTANDI EU ET ELITR PONDERUM SEA UT P', 38)
insert into UtensilOwnership values (903, 37, 'E VIS OMITTAM PERICULIS NE SEA ADIPISCI VOLUPTATIB', 9)
insert into UtensilOwnership values (904, 19, 'AN QUI ALTERA PROPRIAE NOMINAVI GLORIATUR EU CUM V', 10)
insert into UtensilOwnership values (905, 2, 'ANIMAL VIDERER HONESTATIS USU MUTAT PLACERAT LIBE', 14)
insert into UtensilOwnership values (906, 68, 'OSTRUD SAPIENTEM CUM UT CIBO PUTENT DISCERE SEA EI', 14)
insert into UtensilOwnership values (907, 72, 'PRAESENT IUDICO VOLUMUS PERSEQUERIS ID HAS MEA NOS', 25)
insert into UtensilOwnership values (908, 42, 'ERFECTO IN MALIS PUTENT BONORUM CUM ID AT DICAM NO', 2)
insert into UtensilOwnership values (909, 80, 'S EU ILLUD MODERATIUS CU ILLUM MALIS QUI CONSUL RA', 7)
insert into UtensilOwnership values (910, 41, 'ERCIPITUR IUS EX QUOT MALORUM IN VIS ALTERUM TORQU', 24)
insert into UtensilOwnership values (911, 27, 'CTIOR TE EOSDUO TE DEBET PLACERAT MEI CONSUL RIDEN', 23)
insert into UtensilOwnership values (912, 25, 'BUSQUEM NOLUISSE DESERUNT CUM EU PRO VERI AUTEM ER', 36)
insert into UtensilOwnership values (913, 63, 'NUM CONTENTIONES EX NAM AT ANIMAL ABHORREANT HIS E', 26)
insert into UtensilOwnership values (914, 91, 'UERIS HABEO OMNESQUE HIS CUET MEA VERI SAEPE ALIEN', 6)
insert into UtensilOwnership values (915, 99, 'VIX TATION TIMEAM NE DELENITI PONDERUM HENDRERIT M', 18)
insert into UtensilOwnership values (916, 43, 'EST EX TOTA MOLESTIAE SIT NE MELIUS DELENIT MALIS', 39)
insert into UtensilOwnership values (917, 65, 'ONCLUDATURQUE IN NAM ET POSTEA SANCTUS DOLORES IUS', 8)
insert into UtensilOwnership values (918, 56, 'MIDANS HIS DICAM PUTANT MALORUM NO PROPRIAE PERPET', 24)
insert into UtensilOwnership values (919, 61, 'NS PROBATUS EI VEL OPORTERE CONSETETUR EU PRIMIS P', 35)
insert into UtensilOwnership values (920, 30, 'DEFINITIONES ANESSENT SALUTATUS NAM EU IN MOVET TI', 26)
insert into UtensilOwnership values (921, 43, 'EST EX TOTA MOLESTIAE SIT NE MELIUS DELENIT MALIS', 17)
insert into UtensilOwnership values (922, 32, 'DICABIT AD VIMHIS ASSUM ADVERSARIUM EA TE MINIM NO', 14)
insert into UtensilOwnership values (923, 77, 'S AD QUI NONUMY VIDERER MEDIOCREM USU NOBIS UTINAM', 39)
insert into UtensilOwnership values (924, 32, 'DICABIT AD VIMHIS ASSUM ADVERSARIUM EA TE MINIM NO', 14)
insert into UtensilOwnership values (925, 7, 'IN EST OFFENDIT POSTULANT THEOPHRASTUS EA PROMPTA', 4)
insert into UtensilOwnership values (926, 77, 'S AD QUI NONUMY VIDERER MEDIOCREM USU NOBIS UTINAM', 34)
insert into UtensilOwnership values (927, 45, 'I ERANT QUODSI SEA TE SONET DETRACTO NAM USU SAEPE', 19)
insert into UtensilOwnership values (928, 50, 'ITUREUM NISL RIDENS VOCENT UT EI MEL FACETE ALBUCI', 18)
insert into UtensilOwnership values (929, 2, 'ANIMAL VIDERER HONESTATIS USU MUTAT PLACERAT LIBE', 23)
insert into UtensilOwnership values (930, 80, 'S EU ILLUD MODERATIUS CU ILLUM MALIS QUI CONSUL RA', 12)
insert into UtensilOwnership values (931, 9, 'OBLIQUE VOLUPTATIBUSID NEC DUIS ILLUM VITAE ALIA', 36)
insert into UtensilOwnership values (932, 72, 'PRAESENT IUDICO VOLUMUS PERSEQUERIS ID HAS MEA NOS', 5)
insert into UtensilOwnership values (933, 6, 'HIS NOMINATI PLATONEM VOLUPTARIA ID VISEA NATUM M', 38)
insert into UtensilOwnership values (934, 56, 'MIDANS HIS DICAM PUTANT MALORUM NO PROPRIAE PERPET', 23)
insert into UtensilOwnership values (935, 57, 'MIS MEA NE HIS DICUNT ERUDITI CONSULATU IN MUCIUS', 28)
insert into UtensilOwnership values (936, 51, 'IUS SONET APPAREAT NO EUM AUTEM MEDIOCREM DESERUIS', 4)
insert into UtensilOwnership values (937, 13, 'SPLENDIDE REPRIMIQUE MEA NOID SONET EQUIDEM INERM', 31)
insert into UtensilOwnership values (938, 13, 'SPLENDIDE REPRIMIQUE MEA NOID SONET EQUIDEM INERM', 24)
insert into UtensilOwnership values (939, 48, 'IS TIMEAM VIDISSE DELICATA MODERATIUS AN HIS SEA I', 39)
insert into UtensilOwnership values (940, 9, 'OBLIQUE VOLUPTATIBUSID NEC DUIS ILLUM VITAE ALIA', 9)
insert into UtensilOwnership values (941, 2, 'ANIMAL VIDERER HONESTATIS USU MUTAT PLACERAT LIBE', 6)
insert into UtensilOwnership values (942, 18, 'AM UT TOTA FACETE IUS HIS EX MODO MAGNA AEQUE EI V', 0)
insert into UtensilOwnership values (943, 43, 'EST EX TOTA MOLESTIAE SIT NE MELIUS DELENIT MALIS', 24)
insert into UtensilOwnership values (944, 72, 'PRAESENT IUDICO VOLUMUS PERSEQUERIS ID HAS MEA NOS', 9)
insert into UtensilOwnership values (945, 15, 'VOLUPTARIA ELOQUENTIAM EI USU ASSUM SAEPE ALTERUM', 28)
insert into UtensilOwnership values (946, 22, 'ASE EVERTI IMPEDIT EI SIT NE SAEPE NONUMES VOLUTPA', 27)
insert into UtensilOwnership values (947, 71, 'POSTEA DETRAXIT EA EAM ALII SCAEVOLA VOLUPTATIBUS', 16)
insert into UtensilOwnership values (948, 10, 'PER TE AT NULLA QUAEQUE EAMEA IRIURE CONSEQUAT ME', 39)
insert into UtensilOwnership values (949, 72, 'PRAESENT IUDICO VOLUMUS PERSEQUERIS ID HAS MEA NOS', 27)
insert into UtensilOwnership values (950, 87, 'T ZRIL PERCIPITUR HAS EA QUO DOLORES MENTITUM CUM', 14)
insert into UtensilOwnership values (951, 88, 'TE MEA NATUM MELIORE DESERUNT QUI EI AUTEM PERCIPI', 11)
insert into UtensilOwnership values (952, 74, 'RE QUIDAM INERMISNE PRO GRAECI DELECTUS VOLUTPAT E', 22)
insert into UtensilOwnership values (953, 43, 'EST EX TOTA MOLESTIAE SIT NE MELIUS DELENIT MALIS', 9)
insert into UtensilOwnership values (954, 95, 'VENDUM EUM IN CIBO NATUM TORQUATOS QUO AUGUE PERIC', 10)
insert into UtensilOwnership values (955, 4, 'FABULAS ERREM DISSENTIAS CONCLUDATURQUE ID HAS VI', 17)
insert into UtensilOwnership values (956, 5, 'FALLI PROMPTA PERCIPITUR NE SED EI EOS LABORE VIV', 0)
insert into UtensilOwnership values (957, 78, 'S CONSTITUTO EAZRIL CONSETETUR EST NE SED ELIT ELI', 39)
insert into UtensilOwnership values (958, 5, 'FALLI PROMPTA PERCIPITUR NE SED EI EOS LABORE VIV', 36)
insert into UtensilOwnership values (959, 12, 'SCRIPTA ORNATUS IUS AD IUS OPTION OFFENDIT REFORM', 5)
insert into UtensilOwnership values (960, 26, 'COMPREHENSAM EOS AT MALORUM PERCIPITUR DUO IGNOTA', 20)
insert into UtensilOwnership values (961, 23, 'AT HAS ET MODUS EURIPIDIS EFFICIENDI WISI MEIS OCU', 36)
insert into UtensilOwnership values (962, 22, 'ASE EVERTI IMPEDIT EI SIT NE SAEPE NONUMES VOLUTPA', 6)
insert into UtensilOwnership values (963, 41, 'ERCIPITUR IUS EX QUOT MALORUM IN VIS ALTERUM TORQU', 20)
insert into UtensilOwnership values (964, 1, 'ALII OMNIUM OPTION EUM IN NE ASSUM DOCTUS PRO VEL', 36)
insert into UtensilOwnership values (965, 33, 'DISPUTANDO DISSENTIET NO MEA DOCENDI COTIDIEQUE VI', 29)
insert into UtensilOwnership values (966, 55, 'MEA HOMERO SALUTANDI EU ET ELITR PONDERUM SEA UT P', 17)
insert into UtensilOwnership values (967, 20, 'APEIRIAN ATQUI CIVIBUS PERCIPIT IN PRI EAM DICTA D', 38)
insert into UtensilOwnership values (968, 8, 'LABITUR OPORTERE SIT PRI CU VIDE IGNOTA OPORTERE', 3)
insert into UtensilOwnership values (969, 35, 'E COMPLECTITUR PRO AN ALIA NEMORE PER NO IUS SUMO', 18)
insert into UtensilOwnership values (970, 48, 'IS TIMEAM VIDISSE DELICATA MODERATIUS AN HIS SEA I', 14)
insert into UtensilOwnership values (971, 31, 'DESSET EA HAS SAPERET VOCIBUS ET IUS NE UTAMUR EUI', 7)
insert into UtensilOwnership values (972, 53, 'M INTEGRE CU TIBIQUE LUPTATUM VOLUPTARIA NAM EU UT', 24)
insert into UtensilOwnership values (973, 9, 'OBLIQUE VOLUPTATIBUSID NEC DUIS ILLUM VITAE ALIA', 25)
insert into UtensilOwnership values (974, 53, 'M INTEGRE CU TIBIQUE LUPTATUM VOLUPTARIA NAM EU UT', 26)
insert into UtensilOwnership values (975, 28, 'D FASTIDII LUCILIUS PERSECUTI EU USU HAS IN VERI A', 19)
insert into UtensilOwnership values (976, 25, 'BUSQUEM NOLUISSE DESERUNT CUM EU PRO VERI AUTEM ER', 16)
insert into UtensilOwnership values (977, 89, 'TUA EX SED EI CUM IPSUM ORATIO EIRMOD PRO AD DIAM', 30)
insert into UtensilOwnership values (978, 5, 'FALLI PROMPTA PERCIPITUR NE SED EI EOS LABORE VIV', 30)
insert into UtensilOwnership values (979, 17, 'AEVOLA CONTENTIONES CU ID QUI CORPORA THEOPHRASTUS', 27)
insert into UtensilOwnership values (980, 86, 'T PRIMIS PRODESSET IUS SIT EROS SAEPE GRAECIS EX F', 18)
insert into UtensilOwnership values (981, 7, 'IN EST OFFENDIT POSTULANT THEOPHRASTUS EA PROMPTA', 18)
insert into UtensilOwnership values (982, 36, 'E EUISMOD VIVENDO EI ESSENT TAMQUAM TE DUO IN QUO', 21)
insert into UtensilOwnership values (983, 79, 'S EOS DICAM MUCIUS ELEIFEND EI TE SED RIDENS ALIEN', 32)
insert into UtensilOwnership values (984, 15, 'VOLUPTARIA ELOQUENTIAM EI USU ASSUM SAEPE ALTERUM', 8)
insert into UtensilOwnership values (985, 92, 'UMSAN PARTIENDOQUANDO SCAEVOLA DEFINITIONEM PER AD', 0)
insert into UtensilOwnership values (986, 35, 'E COMPLECTITUR PRO AN ALIA NEMORE PER NO IUS SUMO', 13)
insert into UtensilOwnership values (987, 30, 'DEFINITIONES ANESSENT SALUTATUS NAM EU IN MOVET TI', 37)
insert into UtensilOwnership values (988, 12, 'SCRIPTA ORNATUS IUS AD IUS OPTION OFFENDIT REFORM', 27)
insert into UtensilOwnership values (989, 52, 'L AN ADHUC ARGUMENTUMNO UTROQUE SCRIBENTUR EUM ET', 5)
insert into UtensilOwnership values (990, 53, 'M INTEGRE CU TIBIQUE LUPTATUM VOLUPTARIA NAM EU UT', 28)
insert into UtensilOwnership values (991, 74, 'RE QUIDAM INERMISNE PRO GRAECI DELECTUS VOLUTPAT E', 5)
insert into UtensilOwnership values (992, 8, 'LABITUR OPORTERE SIT PRI CU VIDE IGNOTA OPORTERE', 36)
insert into UtensilOwnership values (993, 1, 'ALII OMNIUM OPTION EUM IN NE ASSUM DOCTUS PRO VEL', 18)
insert into UtensilOwnership values (994, 23, 'AT HAS ET MODUS EURIPIDIS EFFICIENDI WISI MEIS OCU', 19)
insert into UtensilOwnership values (995, 86, 'T PRIMIS PRODESSET IUS SIT EROS SAEPE GRAECIS EX F', 13)
insert into UtensilOwnership values (996, 80, 'S EU ILLUD MODERATIUS CU ILLUM MALIS QUI CONSUL RA', 0)
insert into UtensilOwnership values (997, 78, 'S CONSTITUTO EAZRIL CONSETETUR EST NE SED ELIT ELI', 20)
insert into UtensilOwnership values (998, 42, 'ERFECTO IN MALIS PUTENT BONORUM CUM ID AT DICAM NO', 29)
insert into UtensilOwnership values (999, 40, 'ERANT PERSECUTI MEL ET QUO EU GRAECE DELENITI SED', 21)
insert into UtensilOwnership values (1000, 61, 'NS PROBATUS EI VEL OPORTERE CONSETETUR EU PRIMIS P', 11)

insert into Hand values ('HIS NOMINATI PLATONEM VOLUPTARIA ID VISEA NATUM M', 'Tidy', 20)
insert into Hand values ('FALLI PROMPTA PERCIPITUR NE SED EI EOS LABORE VIV', 'Spotless', 17)
insert into Hand values ('VIX DOLOR NOMINAVI CU MEI REQUE ETIAM VIDISSE ID M', 'Unkempt', 18)
insert into Hand values ('DIT AD MEA ERIPUIT PLATONEM EAM DICAM ANTIOPAM AN', 'Unkempt', 9)
insert into Hand values ('VIS TE MEDIOCREM ADVERSARIUM ATQUI QUALISQUE VIS E', 'Filthy', 23)
insert into Hand values ('ASE EVERTI IMPEDIT EI SIT NE SAEPE NONUMES VOLUTPA', 'Tidy', 17)
insert into Hand values ('IM EI AETERNO REFORMIDANS DUO NE USU TE INANI EVER', 'Dingy', 21)
insert into Hand values ('S LOBORTIS REFERRENTUR CUM EU INANI HOMERO INSTRUC', 'Unkempt', 21)
insert into Hand values ('AS NO AN GRAECI THEOPHRASTUS IUS SOLUTA MELIUS CON', 'Filthy', 0)
insert into Hand values ('L AN ADHUC ARGUMENTUMNO UTROQUE SCRIBENTUR EUM ET', 'Tidy', 3)
insert into Hand values ('MIS MEA NE HIS DICUNT ERUDITI CONSULATU IN MUCIUS', 'Spotless', 14)
insert into Hand values ('D POSTULANT SALUTATUS QUI NE VIM UT FIERENT ULLAMC', 'Filthy', 5)
insert into Hand values ('IS TIMEAM VIDISSE DELICATA MODERATIUS AN HIS SEA I', 'Tidy', 7)
insert into Hand values ('UATOS CU MEIVIS UT IRIURE MAIESTATIS EX UNUM IRACU', 'Unkempt', 22)
insert into Hand values ('SSE SIT EA VIM SENSERIT RATIONIBUS ADIPISCING EU V', 'Tidy', 6)
insert into Hand values ('AM UT TOTA FACETE IUS HIS EX MODO MAGNA AEQUE EI V', 'Unkempt', 14)
insert into Hand values ('POSSE UBIQUE EVERTI HAS TE BRUTE IPSUM DEBET QUIEV', 'Unkempt', 2)
insert into Hand values ('E COMPLECTITUR PRO AN ALIA NEMORE PER NO IUS SUMO', 'Spotless', 8)
insert into Hand values ('N QUO ET EUISMOD SPLENDIDE HIS AT SALE EXERCI PERS', 'Unkempt', 11)
insert into Hand values ('AN QUI ALTERA PROPRIAE NOMINAVI GLORIATUR EU CUM V', 'Dingy', 4)
insert into Hand values ('ERCIPITUR IUS EX QUOT MALORUM IN VIS ALTERUM TORQU', 'Spotless', 12)
insert into Hand values ('UERIS HABEO OMNESQUE HIS CUET MEA VERI SAEPE ALIEN', 'Unkempt', 4)

insert into Spork values ('I ERANT QUODSI SEA TE SONET DETRACTO NAM USU SAEPE', 5, 0.1)
insert into Spork values ('EI COMMUNE CONSTITUTO EOS AT MEIS REBUM ET EUM UT', 5, 1.7)
insert into Spork values ('VIX TATION TIMEAM NE DELENITI PONDERUM HENDRERIT M', 5, 0.4)
insert into Spork values ('RREM EX VIX CONSUL ERUDITI COTIDIEQUE AT ID CAUSAE', 5, 1.4)
insert into Spork values ('T PRIMIS PRODESSET IUS SIT EROS SAEPE GRAECIS EX F', 6, 0.2)
insert into Spork values ('AM UT TOTA FACETE IUS HIS EX MODO MAGNA AEQUE EI V', 3, 1.3)
insert into Spork values ('DESSET EA HAS SAPERET VOCIBUS ET IUS NE UTAMUR EUI', 3, 0.6)
insert into Spork values ('ITUREUM NISL RIDENS VOCENT UT EI MEL FACETE ALBUCI', 3, 1.5)
insert into Spork values ('VERTI HENDRERIT ACCOMMODARE MEL AD EI PRO QUIDAM P', 3, 1.2)
insert into Spork values ('ONESTATIS HIS PERICULA DISSENTIUNT NE ET PROMPTA Q', 6, 0.4)
insert into Spork values ('UO VIS DOLORE PLATONEM UT NO DICAT TATION NOSTRUD', 4, 0.6)
insert into Spork values ('DICABIT AD VIMHIS ASSUM ADVERSARIUM EA TE MINIM NO', 4, 0.9)
insert into Spork values ('SPLENDIDE REPRIMIQUE MEA NOID SONET EQUIDEM INERM', 4, 0.7)
insert into Spork values ('POSTEA DETRAXIT EA EAM ALII SCAEVOLA VOLUPTATIBUS', 4, 1.5)
insert into Spork values ('HIS NOMINATI PLATONEM VOLUPTARIA ID VISEA NATUM M', 5, 1.9)
insert into Spork values ('OR DELICATISSIMI UT PRI ID SONET ALTERA SAPERET ET', 5, 1.4)
insert into Spork values ('M INTEGRE CU TIBIQUE LUPTATUM VOLUPTARIA NAM EU UT', 3, 0.8)
insert into Spork values ('BUSQUEM NOLUISSE DESERUNT CUM EU PRO VERI AUTEM ER', 4, 1.7)
insert into Spork values ('L AN ADHUC ARGUMENTUMNO UTROQUE SCRIBENTUR EUM ET', 6, 1.3)
insert into Spork values ('USU FASTIDII TRACTATOS EUVIX DISSENTIAS INSTRUCTIO', 4, 1.9)
insert into Spork values ('VIS TE MEDIOCREM ADVERSARIUM ATQUI QUALISQUE VIS E', 6, 0)
insert into Spork values ('OSTRUD SAPIENTEM CUM UT CIBO PUTENT DISCERE SEA EI', 5, 1.7)
insert into Spork values ('APEIRIAN ATQUI CIVIBUS PERCIPIT IN PRI EAM DICTA D', 5, 1.3)
insert into Spork values ('PRIMA ID HAS AD EUM MANDAMUS RECTEQUE AN SEA ACCU', 4, 0.2)
insert into Spork values ('PERICULA HIS EX MEI CU ACCUSAMUS REPRIMIQUEAT HAS', 5, 1.3)
insert into Spork values ('D POSTULANT SALUTATUS QUI NE VIM UT FIERENT ULLAMC', 6, 1.3)
insert into Spork values ('COMPREHENSAM EOS AT MALORUM PERCIPITUR DUO IGNOTA', 5, 0.6)
insert into Spork values ('T ZRIL PERCIPITUR HAS EA QUO DOLORES MENTITUM CUM', 6, 0.6)
insert into Spork values ('AEVOLA CONTENTIONES CU ID QUI CORPORA THEOPHRASTUS', 3, 1.2)
insert into Spork values ('NUM QUANDO NOMINATI CU HAS QUI UT QUODSI NECESSITA', 3, 1.7)
insert into Spork values ('RTI AD PRI MUTATTE NULLA PHAEDRUM EAM USU ALIA SCA', 4, 2)

insert into HumanLease values ('Miyuki', 539939903, 57, '2014/6/2', '2017/2/26', '$1422.7')
insert into HumanLease values ('Thoob', 958466605, 96, '2014/1/31', '2016/10/27', '$1467.21')
insert into HumanLease values ('Tim', 933220304, 92, '2018/9/14', '2021/6/10', '$928.96')
insert into HumanLease values ('Bob', 136286236, 3, '2019/3/24', '2021/12/18', '$2092.58')
insert into HumanLease values ('Stink', 775559060, 83, '2010/5/3', '2013/1/27', '$2039.26')
insert into HumanLease values ('Sneakyonfoota', 367610667, 38, '2016/12/9', '2019/9/5', '$584.98')
insert into HumanLease values ('Skutch', 236919991, 18, '2019/10/2', '2022/6/28', '$2390.23')
insert into HumanLease values ('Spleen', 247518950, 21, '2016/10/29', '2019/7/26', '$1500.97')
insert into HumanLease values ('Skrang', 618173904, 63, '2015/12/13', '2018/9/8', '$1814.27')
insert into HumanLease values ('Alexovich', 146128692, 4, '2015/5/30', '2018/2/23', '$1678.12')
insert into HumanLease values ('Jim', 284774205, 26, '2015/10/28', '2018/7/24', '$1876.92')
insert into HumanLease values ('Dooky', 158857085, 8, '2018/9/26', '2021/6/22', '$1079.42')
insert into HumanLease values ('Slacks', 272744196, 25, '2015/2/25', '2017/11/21', '$926.62')
insert into HumanLease values ('Floog', 359727414, 34, '2017/3/29', '2019/12/24', '$1012.59')
insert into HumanLease values ('Sqood', 748577167, 80, '2013/5/6', '2016/1/31', '$1965.99')
insert into HumanLease values ('Zim', 559384451, 59, '2015/2/1', '2017/10/28', '$2367.11')
insert into HumanLease values ('The Elder', 509743521, 54, '2011/11/12', '2014/8/8', '$847.06')
insert into HumanLease values ('Poot', 472918287, 47, '2010/6/30', '2013/3/26', '$1205.2')
insert into HumanLease values ('Chin', 135706616, 2, '2019/10/1', '2022/6/27', '$1419.74')
insert into HumanLease values ('Poki', 463170352, 46, '2017/2/15', '2019/11/12', '$609.57')
insert into HumanLease values ('Kim', 303094218, 29, '2013/4/6', '2016/1/1', '$1572.82')
insert into HumanLease values ('Poki', 913936515, 89, '2013/5/16', '2016/2/10', '$527.26')
insert into HumanLease values ('Sklud', 161101462, 9, '2012/9/23', '2015/6/20', '$1978.53')
insert into HumanLease values ('Yoogli', 572673743, 61, '2016/10/8', '2019/7/5', '$609.55')
insert into HumanLease values ('Zim', 984768086, 98, '2017/3/16', '2019/12/11', '$683.3')
insert into HumanLease values ('Groot', 343536520, 32, '2015/10/23', '2018/7/19', '$689.12')
insert into HumanLease values ('Red', 225816483, 15, '2018/8/29', '2021/5/25', '$1433.28')
insert into HumanLease values ('Spork', 729057480, 77, '2013/12/4', '2016/8/30', '$1478.71')
insert into HumanLease values ('Slacks', 651695200, 69, '2015/4/30', '2018/1/24', '$1232.27')
insert into HumanLease values ('Zee', 720344635, 76, '2016/4/3', '2018/12/29', '$590.94')
insert into HumanLease values ('Groot', 388305258, 42, '2016/3/18', '2018/12/13', '$2174.76')
insert into HumanLease values ('Poot', 171162032, 10, '2011/3/27', '2013/12/21', '$1619.15')
insert into HumanLease values ('Gashloog', 264552807, 23, '2013/9/23', '2016/6/19', '$1924.62')
insert into HumanLease values ('Bob', 192536437, 12, '2016/8/4', '2019/5/1', '$2089.98')
insert into HumanLease values ('Grapa', 291226028, 27, '2010/7/15', '2013/4/10', '$1019.6')
insert into HumanLease values ('Larcher', 363955884, 37, '2019/11/14', '2022/8/10', '$1605.33')
insert into HumanLease values ('Spleen', 903681064, 87, '2012/9/6', '2015/6/3', '$2199.6')
insert into HumanLease values ('Skoodge', 717639893, 75, '2019/11/15', '2022/8/11', '$1758.39')
insert into HumanLease values ('The Elder', 880334763, 86, '2010/3/10', '2012/12/4', '$1059.8')
insert into HumanLease values ('El', 201993762, 13, '2015/3/2', '2017/11/26', '$2119.41')
insert into HumanLease values ('Lardnar', 914252983, 90, '2017/3/23', '2019/12/18', '$1248.96')
insert into HumanLease values ('Rarl Kove', 562927522, 60, '2018/1/30', '2020/10/26', '$2211.18')
insert into HumanLease values ('Floog', 230393525, 17, '2013/9/15', '2016/6/11', '$1456.41')
insert into HumanLease values ('Rarl Kove', 344165887, 33, '2012/8/26', '2015/5/23', '$541.49')
insert into HumanLease values ('Pesto', 158042637, 7, '2012/2/12', '2014/11/8', '$920.5')
insert into HumanLease values ('Zee', 998606036, 99, '2016/3/30', '2018/12/25', '$1948.73')
insert into HumanLease values ('Spork', 448710355, 44, '2013/4/26', '2016/1/21', '$2386.1')
insert into HumanLease values ('Gooch', 243819828, 20, '2012/1/13', '2014/10/9', '$1615.49')
insert into HumanLease values ('Koot', 330400575, 30, '2014/9/20', '2017/6/16', '$1766.84')
insert into HumanLease values ('Skutch', 640243517, 66, '2011/12/27', '2014/9/22', '$1059.51')
insert into HumanLease values ('Skoodge', 752624257, 81, '2011/12/15', '2014/9/10', '$1205')
insert into HumanLease values ('Koot', 955345295, 95, '2019/6/24', '2022/3/20', '$1172.84')
insert into HumanLease values ('Slant', 729580466, 78, '2015/1/5', '2017/10/1', '$722.29')
insert into HumanLease values ('El', 371512594, 39, '2016/6/4', '2019/3/1', '$2108.65')
insert into HumanLease values ('Tak', 555548103, 58, '2011/12/30', '2014/9/25', '$1259.59')
insert into HumanLease values ('Yoogli', 967936383, 97, '2016/3/18', '2018/12/13', '$756.38')
insert into HumanLease values ('Skrang', 904834495, 88, '2018/6/20', '2021/3/16', '$2103.89')
insert into HumanLease values ('Tenn', 942233084, 93, '2015/3/20', '2017/12/14', '$949.95')
insert into HumanLease values ('Theen', 925237218, 91, '2013/2/13', '2015/11/10', '$2282.51')
insert into HumanLease values ('Tim', 642476942, 68, '2018/7/7', '2021/4/2', '$2300.59')
insert into HumanLease values ('Sploodge', 688098849, 73, '2012/3/16', '2014/12/11', '$2075.68')
insert into HumanLease values ('Red', 513398532, 55, '2013/4/18', '2016/1/13', '$2439.89')
insert into HumanLease values ('Sizz-Lorr', 514381646, 56, '2019/3/26', '2021/12/20', '$1589.96')
insert into HumanLease values ('Nen', 782216490, 84, '2016/3/14', '2018/12/9', '$2432.53')
insert into HumanLease values ('Skoo', 155837532, 6, '2018/1/6', '2020/10/2', '$1233.72')
insert into HumanLease values ('Alexovich', 676755930, 71, '2014/3/23', '2016/12/17', '$1061.64')
insert into HumanLease values ('Skoo', 642222405, 67, '2017/2/4', '2019/11/1', '$507.35')
insert into HumanLease values ('Sploodge', 659238749, 70, '2011/1/20', '2013/10/16', '$1414.92')
insert into HumanLease values ('Stink', 495145492, 52, '2010/5/2', '2013/1/26', '$1258.8')
insert into HumanLease values ('Frylord', 336468343, 31, '2011/4/24', '2014/1/18', '$803.56')
insert into HumanLease values ('Sklud', 622752470, 64, '2015/1/13', '2017/10/9', '$1224.74')
insert into HumanLease values ('Kim', 229139824, 16, '2013/9/1', '2016/5/28', '$2204.23')
insert into HumanLease values ('Flobee', 294412001, 28, '2010/9/21', '2013/6/17', '$822.01')
insert into HumanLease values ('Larb', 385641870, 41, '2015/11/18', '2018/8/14', '$1769.91')
insert into HumanLease values ('Yuli', 999931396, 100, '2016/2/21', '2018/11/17', '$1447.93')
insert into HumanLease values ('Frylord', 124238335, 1, '2017/6/13', '2020/3/9', '$1512.67')
insert into HumanLease values ('Lardnar', 485888633, 50, '2010/8/6', '2013/5/2', '$2276.62')
insert into HumanLease values ('Krunk', 595179165, 62, '2015/6/4', '2018/2/28', '$533.92')
insert into HumanLease values ('Miyuki', 480849616, 49, '2016/12/11', '2019/9/7', '$1748.38')
insert into HumanLease values ('Gashloog', 150965695, 5, '2019/2/7', '2021/11/3', '$1642.51')
insert into HumanLease values ('Sizz-Lorr', 732838031, 79, '2019/12/23', '2022/9/18', '$1241.94')
insert into HumanLease values ('Gooch', 796658275, 85, '2011/11/14', '2014/8/10', '$536.42')
insert into HumanLease values ('Larcher', 380104093, 40, '2017/1/3', '2019/9/30', '$1481.88')
insert into HumanLease values ('Nen', 436354191, 43, '2013/12/20', '2016/9/15', '$2303.89')
insert into HumanLease values ('Yuli', 707852326, 74, '2017/1/18', '2019/10/15', '$936.49')
insert into HumanLease values ('Theen', 490319100, 51, '2012/6/26', '2015/3/23', '$1331.77')
insert into HumanLease values ('Dooky', 212922412, 14, '2015/8/20', '2018/5/16', '$1444.81')
insert into HumanLease values ('Jim', 495383639, 53, '2016/2/11', '2018/11/7', '$1807.45')
insert into HumanLease values ('Purple', 240980829, 19, '2013/1/3', '2015/9/30', '$1894.41')
insert into HumanLease values ('Larb', 254756967, 22, '2011/8/13', '2014/5/9', '$1504.11')
insert into HumanLease values ('Flobee', 186319928, 11, '2015/12/2', '2018/8/28', '$1116.55')
insert into HumanLease values ('Pesto', 450996347, 45, '2015/2/17', '2017/11/13', '$647.67')
insert into HumanLease values ('Chin', 627771843, 65, '2017/3/20', '2019/12/15', '$1133.51')
insert into HumanLease values ('Grapa', 271980641, 24, '2017/8/3', '2020/4/29', '$882.21')
insert into HumanLease values ('Krunk', 360099035, 35, '2011/5/9', '2014/2/2', '$859.15')
insert into HumanLease values ('Sqood', 361590727, 36, '2018/11/2', '2021/7/29', '$700.64')
insert into HumanLease values ('Tak', 763452702, 82, '2016/3/10', '2018/12/5', '$1498.33')
insert into HumanLease values ('Thoob', 477802141, 48, '2011/10/19', '2014/7/15', '$994.43')
insert into HumanLease values ('Tenn', 955117517, 94, '2016/7/7', '2019/4/3', '$1316.55')
insert into HumanLease values ('Slant', 677547723, 72, '2016/6/29', '2019/3/26', '$2058.5')


select * from HumanLease